Auteur;Titre;Note;Date;Contenu;prediction;score
Grossat Fr√©d√©ric;Bon petit pc pour traitement texte et web;5.0;2024-11-21;"Produit qui fait le boulot pour lequel il est con√ßu.
Du traitement de texte, logiciel Excel Word PowerPoint et du surf web.
L'√©cran est bien d√©fini en Full HD mais pas la qualit√© d'un √©cran 4k normal vu son tarif.
Excellent rapport qualit√©/prix.
N'esp√©rez cependant pas faire du jeu o√π du traitement vid√©o ou photo.";4;0.649052083492279
JMH;PC tr√®s bon et rapide, mais Windows 11 est une daube !;5.0;2024-11-15;"C√¥t√© Laptop oui OK - C√¥t√© Win11 le moteur du laptop c'est autre chose - Win je connais bien, j'ai m√™me en son temps d√©sassembl√© le code - Je suis pass√© de XP √† Win7 √† Win8 √† Win10 et Win11 - Win11 n'est que l'int√©gration des modules de Win7 + Win8 + WIn10 relooqu√©s - on y trouve d'ailleurs dedans, des vieux modules copie conforme de Win7 qui en plus bugs, alors qu'ils ne ""bugaient"" pas dans Win7 - √ßa c'est Microsoft ! Le laptop OUI, Win11 NON - il faut mieux rester en WIN10 qui est amplement corrig√© aujourd'hui !";2;0.4186974167823791
RENO;Parfait √† tous les niveaux;4.0;2024-10-25;"Fonctionnel simple et accessible en prix
Bon produit";4;0.5715356469154358
stef;Tr√®s satisfait;5.0;2024-10-10;Tr√®s satisfait un bon pc facile d installation juste une m√©moire un peu l√©ger apr√®s ont peut rajout√© un disque dur externe afin d obtenir plus de m√©moire pour un pc √† prix raisonnable ont peut faire du bon travail de bureau il faut rajout√© quelques programmes suppl√©mentaires mais navigateur rapide et bcp de prise usb et HDMi perso je recommande;4;0.6683310270309448
Moi;Tr√®s bien !;5.0;2024-11-05;"Conforme √† la description appareil tr√®s l√©ger configuration assez costaud.
√âvidemment quelques mises √† jour √† faire avant de d√©marrer.
Bel √©cran, le PC n'est pas trop bruyant, il chauffe un peu mais rien de grave.
Tr√®s bien ! üëçüëç";4;0.5630385875701904
DB;"PC ""Neuf"" d√©fectueux qui ne marche pas!!!";1.0;2024-10-24;"Je viens de recevoir ce PC Aspire. Une fois branch√©, je l'allume: rien. Je r√©essaye x fois, rien et, finalement, toujours avec un √©cran noir, je finis par entendre un vague bruit. Mais sinon toujours rien.Je pianote sur le clavier: rien. Puis finalement, peut-√™tre au bout d'1/4 d'h, apparition de ""Acer"" sur fond noir, puis plus rien, puis entre de longs laps de temps d'√©cran noir, de temps en temps ""Acer"" qui lorsqu'il dispara√Æt est suivi par 1 flash de lumi√®re blanche ou ...... par ""Pr√©paration de la r√©paration automatique"" (cf photo),et cela continue en alternance. Comme si j'allais acheter un PC ""neuf"" √† r√©parer!!! Par curiosit√©, j'attends quand m√™me, mais au bout de 3/4 d'h je d√©cide de l'arr√™ter et de le retourner. ...... Cerise sur le g√¢teau, il refuse de ""s'√©teindre"", terme impropre puisqu'il n'est pas √©clair√©, disons donc qu'il refuse de s'arr√™ter, m√™me en gardant le doigt longtemps sur la touche. Il a donc fallu que je le remballe ... en marche (!!!), enfin il fallait le savoir qu'il √©tait en marche (et pour cela tendre l'oreille). Bon, esp√©rons qu'au moins la batterie sera √† plat avant l'exp√©dition pour qu'il voyage √©teint!!!
Inutile de dire que je ne suis pas une novice: ce n'√©tait pas mon 1er PC j'en ai depuis 27 ans et il ne m'est jamais arriv√© un coup pareil. Acer n'est plus ce qu'il √©tait! Vendre un PC sans l'avoir v√©rifi√© avant l'exp√©dition!!!......
----------------------
2 semaines plus tard:
Ajouterai-je que j'ai re√ßu un mail d'Amazon pr√©tendant que je ne l'avais pas r√©exp√©di√© dans son √©tat d'origine!!! J'ai √©t√© rembours√©e, mais....!";1;0.7250463962554932
Bet;Moyen et int√©ressant si pas cher;3.0;2023-12-15;"Ce portable commence √† dater et il vaut le coup si vous trouvez une promotion √† 500‚Ç¨ et pour un usage bureautique sans besoin de grande performance.
Les plus et les moins :
+ un bon processeur intel i7-gen 11 (2.8GHz, 4 c≈ìurs, mais on en est actuellement √† la gen 14)
+ Il est √©quip√© de 12Go de RAM, ce qui est confortable.
+ Il annonce une autonomie de 7h et un poids de 1.8Kg ce qui est pratique
+ J'aime sa couleur claire qui le rend plus agr√©able et plus visible notamment le soir, c'√©tait un crit√®re d'achat
= L'√©cran est un LED IPS 1080p tr√®s classique et moyen, non tactile mais antireflet
= Il fait du Wifi ac (= wifi5, en 1x1 qui n'utilisera pas le MIMO) et du Bluetooth 5.0 (un peu d√©pass√©s) + Ethernet 1Gbps avec une vraie prise RJ45 (qui devient rare depuis le wifi 6)
= Il a une sortie HDMI mais comme il n'a pas de port USB-C on ne pourra pas brancher de troisi√®me √©cran
= Il a un disque SSD (NVMe rapide) de 512Go avec windows 11 64 bits
- Il n'a pas de port USC-C, mais 2xUSB-A (3.0) et 1xUSB-A (2.0)
- La webcam 1.3Mpx est tr√®s moyenne
- Le clavier n'est pas r√©tro-√©clair√©, √ßa peut g√™ner en basse lumi√®re, mais il est complet avec un pav√© num√©rique
- Il n'y a pas de lecteur d'empreinte digitale, la webcam ne supporte pas windows hello, il faudra taper un mot de passe si on veut s√©curiser l'ordinateur.
- Il n'a pas de carte graphique d√©di√©e, il utilise celle qui est int√©gr√©e au processeur
Bref il a √©t√© plut√¥t bien quand il est sorti mais il est maintenant d√©pass√© par les technologies r√©centes, tout en restant d√©cent et utilisable pour un usage sans besoin de performance. A ne pas acheter cher...";3;0.6879481077194214
Mathieu;Rapide et efficace;5.0;2024-11-03;"Tr√®s satisfait par mon nouveau pc , il est rapide , √ßa rame pas ! Il s‚Äôallume tr√®s vite et r√©pond tr√®s bien . Tr√®s bon √©cran g√©n√©reux et HD
Bon rapport qualit√© prix
Je conseil !";5;0.7901018857955933
MARSOUIN Mireille;Conforme √† la commande;4.0;2024-11-26;"Je suis satisfaite de mon pc, livraison rapide et colis bien ferm√©.
L ordinateur r√©pond √† mes attentes.";5;0.4865472614765167
Christel;Rapidit√© d installation;4.0;2024-11-08;Je voulais un ordinateur facile √† installer, la prise en main est super bien expliqu√© √©tape par √©tape, je recommande pour les personnes pas tr√®s √† l'aise avec l informatique, le rapport qualit√© prix est tout √† fait conforme √† mes attentes.;5;0.6260474920272827
Client d'Amazon;Tr√®s bon ordinateur!;5.0;2024-11-12;"Tr√®s bon ordinateur, avec toute les connections possibles, sauf le lecteur de carte SD. J'ai donc aussi achet√© une cl√© USB qui permet de les lire, et qui fonctionne tr√®s bien.
Petit b√©mol, je n'ai que 115 GO de m√©moire au lieu des 128 GO annonc√©. Mais bon, apr√®s avoir install√© tous les trucs n√©cessaires et retir√© les inutiles, comme Microsoft 365, il me reste 67,2 GO de libre sur 115.
Et bien s√ªr vous pouvez ajouter un disque dur externe.
Bref, une tr√®s tr√®s bonne machine pour 250 ‚Ç¨.
J'esp√®re qu'elle durera plus de dix ans comme mon vieux portable qui fonctionne toujours assez bien.";4;0.5808262228965759
lilloisco;Assez facile pour la mise en fonction;4.0;2024-11-09;Pas un sp√©cialiste de l'informatique, assez facile d'utilisation, et agr√©able √† manipuler.;4;0.4841848909854889
Marie;Tr√®s bien;4.0;2024-11-07;Correspond tout √† fait a mes besoins;5;0.6367406249046326
Garlu;Fait bien le travail;4.0;2024-10-28;"Parfait pour mon utilisation quotidienne.
Bureautique, internet, messagerie
Temps de r√©ponse tr√®s correct";5;0.6839413642883301
Client d'Amazon;Ordi qui fait le Job;4.0;2024-10-10;Portable de bonne qualit√©, esth√©tique, robustesse et bonne rapidit√©. A ce prix il ne faut pas demander la lune. Tr√®s satisfait de mon acquisition.;5;0.7311460375785828
Coryphaeus;clavier blanc sur gris = moins lisible que blanc sur noir;4.0;2024-01-22;suite √† l'achat r√©ussi d'un Aspire 3 17 pouces au mois de Novembre, j'ai choisi de prendre cet Aspire 5 14 pouces pour une utilisation secondaire ... bonne et mauvaise surprise au d√©ballage : le clavier n'est pas noir comme sur les photos du produit mais il est gris sur le mod√®le qui m'a √©t√© vendu par Amazon : a priori, le site du fabricant est √† jour et montre un visuel correspondant. Certes, le clavier est r√©tro-√©clair√© mais la s√©rigraphie des touches est beaucoup moins lisible blanc sur gris que blanc sur noir, c'est un mauvais point. Agr√©ablement surpris de voir un lecteur d'empreinte digitale sur le pad, c'est un point positif. Confirmation d'un port thunderbolt 4 dont la mention n'est pas clairement indiqu√©e : le portable inclut bien cette √©tiquette sous le clavier (beaucoup trop de stickers d'ailleurs) ... belle qualit√© de fabrication, pas de probl√®me avec le poids : √† voir dans le temps. A noter une installation Windows 11 compliqu√©e par une configuration propre au constructeur. Je n'avais rencontr√© aucun souci avec l'aspire 3 mais j'ai du me battre pour changer la langue pr√©-install√©e (fran√ßais) en anglais qui engendrait un bug de double langage malgr√© le suivi scrupuleux de la proc√©dure requise. Plus emb√™tant, la fonction de profil √©cran est absente au d√©marrage : j'ai contact√© le support Acer ce matin qui m'a r√©pondu mollement qu'on ne pouvait pas calibrer cet √©cran en raison du BIOS. Apr√®s des recherches plus approfondies, je suis parvenu √† acc√©der √† la calibration int√©gr√©e √† Windows 11 en utilisant un ligne de commande et le choix profil est d√©sormais disponible dans mes r√©glages, une fois la calibration effectu√©e. Un r√©glage n√©cessaire car je trouve n'√©tais pas satisfait du gamma initial de l'appareil qui poss√®de un √©cran tr√®s (trop) lumineux pour une utilisation en int√©rieur. J'installe maintenant le contenu de ma DropBox et compl√®terai ce commentaire apr√®s avoir test√© ce portable avec Photoshop & Lightroom afin de valider, ou non, cette configuration (similaire √† celle qui fonctionne parfaitement sur l'Aspire 3);3;0.4080910086631775
Vero;tout et ok;4.0;2024-10-07;"Achat Fait pour ma fille. .Pour l'instant, rien √† redire. Ce PC fonctionne tr√®s bien.
Je ne regrette pas mon achat.
A voir sur la dur√©e.";4;0.5769965648651123
JOSY de LEON;Super ordi;5.0;2024-11-22;Je l'ai achet√© lors d'une super r√©duction et j'en suis vraiment tr√®s contente il satisfait plus que largement;5;0.8514083623886108
laurentius;excellent pour le prix;4.0;2024-10-22;je suis pleinement satisfait;5;0.6825266480445862
L√©o F.;Rapport Quali√©/Prix;4.0;2024-09-29;"Tout est dit dans le titre, de facture tangible avec son √©cran de 17'', ce PC a de bonnes performances.
A ce tarif, int√©grant un Intel Core i3, 8 Go RAM et un SSD 512 Go ; on a un √©quipement sans pr√©tention mais comp√©titif.";4;0.5800895094871521
oxymore 06;Super portable;5.0;2024-11-26;Pas trop grand tres maniable clavier agreable et simple d utilisation;4;0.5216177701950073
andre roy;Acer;5.0;2024-11-24;Tr√®s bon produit et un des seuls √† avoir une prise ethernet;5;0.7668646574020386
Yougo Parigo;Bien pour un usage basique;4.0;2024-08-14;"Apr√®s une semaine d'utilisation r√©guli√®re, je peux tirer un premier bilan concernant ce PC Acer. Cet ordinateur portable est performant. Il est vraiment rapide que ce soit pour l'allumer, l'√©teindre ou pour d'autres t√¢ches assez vari√©es. Il est nickel pour surfer, faire de la bureautique et regarder quelques vid√©os (usage basique). L'autonomie est bonne et le temps de charge assez court.

Il a quand m√™me quelques petits d√©fauts. Il manque quelques ports USB, SSD en plus et il n'a pas de lecteur CD/DVD. L'image est correcte, sans plus. La ventilation (par en dessous) fait aussi un peu de bruit mais ce n'est pas insupportable. Le pav√© num√©rique a les chiffres invers√©s par rapport √† mon dernier PC portable mais on s'habitue. Le bouton d'allumage est mal mis en avant, on le cherche parfois. Et le c√¢ble d'alimentation est un peu court pour moi.

En bref, c'est un bon PC qui est efficace dans les fonctions de base mais qui m√©riterait que certains points s'am√©liorent.";4;0.7856507897377014
Emeline V.;Tr√®s bien;5.0;2024-11-11;Apr√®s un temps d'utilisation je ne peux que conseiller cet article qui pour mes cours est parfait. Le rapport qualit√© prix est au rendez-vous et m√™me tr√®s bon .;5;0.6867790818214417
Gilles Delabye;Super l'Acer;5.0;2024-11-12;Tr√®s content de cette ordinateur mise en service Tr√®s simple et rapide;5;0.7772807478904724
Client d'Amazon;ordi;4.0;2024-10-03;rien a dire bon ordinateur;4;0.4949954152107239
SENES;ORDINATEUR de base tr√®s bon rapport qualit√© prix;5.0;2024-11-17;Emballage soign√©, envoi rapide merci.;5;0.6130821704864502
marc landrieux;pc facile utilisation;5.0;2024-11-10;pc d√©marre vite, mises √† jour instantan√©es, tr√®s content pour le moment;5;0.7070987224578857
lolo;Correspond √† la description;5.0;2024-11-12;Correspond √† la description;4;0.5878661274909973
Davidt;Prix utilisation;5.0;2024-11-15;Tr√®s bon PC pour un usage familial, rapide puissant;5;0.603647768497467
V√©ro PalSal;Bon ordi pour le prix;5.0;2024-10-31;Ordinateur rapide d'utilisation, pratique pour traitement de texte, surfer sur le net, vid√©o et autre. Acquis en ao√ªt. Tr√®s satisfaite. Envoi rapide et soign√©.;5;0.690546452999115
Lelubre-Beckand Micheline;Un basique parfait pour une utilisatrice pas tr√®s geek !;4.0;2024-08-22;On ne peut plus vivre sans pc ni imprimante, malheureusement. Mon ancien ¬´ laptop ¬ª a plus de15 ans et commen√ßait √† faire un peu ce qu‚Äôil voulait. Avant d‚Äô√™tre totalement en panne, j‚Äôai pr√©f√©r√© en acheter un nouveau.;4;0.2703230381011963
Client Kindle;Conforme a mes attentes;5.0;2024-11-07;Pour l'instant j'en suis tr√®s contente;5;0.6104497909545898
Dodo teste !;Cadeau de rentr√©e;4.0;2024-08-30;Colis re√ßu en tr√®s bon √©tat. Offert √† mon neveu pour son bac. Il est un peu lourd. Attention au poids. Sinon je recommande.;4;0.6387373805046082
Peone;Tr√®s contente.;5.0;2024-11-07;Bon rapport qualit√© prix.;4;0.6280568838119507
isabelle delamarre;L√©ger;5.0;2024-11-06;L√©ger super pour le transport;5;0.523787260055542
Merlin01;Tr√®s bien;4.0;2024-09-09;Seul b√©mol pas fait attention, aucune connexion par c√¢ble ethernet. Dommage.;3;0.514617383480072
perdiche stephane;Super bien comme un mac je le trouve super;5.0;2024-10-31;Utilisation pour tel les t√©l√©chargements et produire des documents √† piloter sur un ordinateur;4;0.4240235388278961
Ramoni-kanoune;Ravi;5.0;2024-11-06;Petit compact.se transporte facilement.;4;0.5534896850585938
GILPER;les 3 prise femelles USB tres difficiles √† connecter,;4.0;2024-08-26;"je n'aime pas windows 365 et one drive impos√©s, comment supprimer .,?
les 3 prise femelles USB tres difficiles √† connecter, il y aura des problemes dans le futur . .";2;0.4925412535667419
Thoisy;J'adore cette marque mais...;4.0;2024-08-21;La mise en route s'est bien pass√©e mais j'ai une chose √† dire: dans la description s'est √©crit vitesse du processeur 4,4Ghz et moi il est √† 1,30Ghz .. je voulais celui l√† pour la rapidit√© du presseur et finalement on est loin des 4,4 .. comment faire ?;2;0.4927175045013428
Panda50;Bon petit ordi;4.0;2024-08-29;Rapport qualit√© prix plut√¥t bon. Poid plut√¥t l√©ger. Un ordi pas trop mal pour de la bureautique. A voir comment il √©voluera dans le temps.;4;0.5643350481987
Dydy;Bien;5.0;2024-10-18;"Re√ßu rapidement.
Acheter pour mes ados car ils sont au lyc√©e et en ont besoin pour les cours.
Utilisation domestique.

Je suis satisfaite de mon achat";4;0.5626848936080933
Henri L.;Ventilateur fait du bruit parfois;4.0;2024-07-01;"Bonjour,

j'ai d√©pos√© l'ordinateur qui a un ventilateur bruyant a la poste. Vous devriez avoir des nouvelles de son arriv√© chez vous ?
Du fait que soudain, le ventilateur ne faisait plus de bruit, le d√©part a √©t√© retard√© car nous pensions qu'il y avait un petite poussi√®re qui √©tait partie.
H√©las non, quelques heures plus tard, il recommenc√© s'entendre fortement. En fait lorsque vous bougez un peu le portable, le ventilateur fait parfois moins de bruit mais un ordinateur doit rest√© pos√© a plat.

Merci";2;0.53978431224823
g√©raldine BILLY;Super outil;5.0;2024-10-22;"Appuyer +30 secondes pour qu'il s'allume. Autonomie batterie 3-4h.
Bel √©cran et fonctionnalit√©s faciles. Je recommande !";5;0.7810278534889221
bergot roselyne;PC tr√®s bon;5.0;2024-10-28;Nouveau pc actuel, satisfaction, je recommande ce choix.;5;0.5777618288993835
syca06;Plut√¥t lent et des bugs;4.0;2024-08-11;"Bonjour,

Au premier abord plut√¥t pas mal.

Apr√®s quelques jours de nombreux bugs et lenteur tres marqu√© sur cette action.

Bien cordialement";2;0.4648844301700592
Kty;Bien mais..;4.0;2024-08-15;Super pc, lumineux et rapide mais chargeur chauffe de ouf, on peut √† peine le prendre en main apr√®s 1h00 d'utilisation :/;3;0.4270382523536682
Client Kindle;Qualit√©;5.0;2024-10-29;Bon rapport qualit√© prix;4;0.6359504461288452
Valois;Excellent rapport qualit√© prix;5.0;2024-10-24;Ordinateur complet etde bonne qualit√© √† un prix tr√®s abordable.;5;0.7739437222480774
Elissa Hutin;Parfait pour les cours;5.0;2024-10-19;"Je l'utilise depuis d√©but septembre et pour l'instant il est toujours bien ne rame pas.
Bien pour les cours";4;0.5075716376304626
GODET BRIGITTE;Pc portable;5.0;2024-10-21;Vraiment tr√®s heureuse de mon achat;5;0.8501589298248291
philippe faure;Excellent mat√©riel;5.0;2024-10-27;Bureautique;4;0.3119847178459167
nicollet dominique;clavier;4.0;2024-07-17;je suis d√©√ßue par les touches majuscule et num√©rique du clavier qui ne s'allument pas , je n'arrive pas √† savoir si je suis en majuscule et en num√©rique ,ce n'est pas √©vident pour rentrer les mots de passe, c'est une vrai gal√®re !;2;0.6221210956573486
Azuris06;Un ordinateur portable tr√®s convenable;5.0;2024-10-19;Un ordinateur tr√®s correct et √† prix tr√®s abordable;4;0.4845414161682129
≈ªelazny;Tout va bien;5.0;2024-10-27;Bon ordinateur;4;0.5555018186569214
Capon;super ordinateur;5.0;2024-10-06;super ordinateur pour un usage quotidien √† la maison, tres simple √† mettre en fonction et en installation , a acheter les yeux ferm√©s pour un prix raisonnable et une marque tres s√©rieuse;5;0.8910804986953735
guillaume;Le prix est bon;5.0;2024-10-01;Qualit√©s correcte prix aussi je suis en fibre de temps en temps il a une latence mais pour le l‚Äôutilisation que je fait cela me convient;4;0.4892029166221618
Nabl;C'est bon;5.0;2024-10-22;Un PC portable magnifique;5;0.7934894561767578
Ornon pascal;Bon produit;4.0;2024-08-15;Conforme √† la description;4;0.4993930757045746
Djo86;Parfait pour les personnes qui ont besoin d'un ordi pour faire les choses essentielles.;4.0;2024-06-17;"Belle machine. Processeur puissant pour un bas de gamme. Ecran tr√®s satisfaisant. Convient tr√®s bien pour toutes les utilisations courantes.
Pas de Windows S. Les haut-parleurs manquent un peu de puissance. L'antenne wifi pourrait √™tre plus performante, mais ne pose pas de probl√®me. J'avais peur que 8 Gb RAM (LPDDR5) soit un peu juste, mais je n'ai pas encore eu le moindre probl√®me.";4;0.7991077303886414
Besserbe;Ordinateur acer;4.0;2024-08-17;Tr√®s bien;5;0.4768954515457153
Mary M.;Ordi de qualit√©;5.0;2024-10-06;Belle ligne, grand √©cran, remplace sans regret mon fixe. Un petit moins, la batterie se d√©charge vite. Il faut avoir une prise de courant √† proximit√©;4;0.7776374220848083
Tripodi maxence;Bon rapport qualit√©/prix;4.0;2024-07-27;Attention cependant √† v√©rifier que vos logiciels pr√©f√©r√©s tournent sur Chromebook. (Pas de Paint.net par exemple);4;0.4663757979869842
M.L.;Fonctionne t√®s bien;5.0;2024-10-11;"Je suis ravie davoir achet√© cet ordinateur.
Aucun bug,facile √† manipuler.
Je recommande";5;0.8211904168128967
Je ne recommande surtout pas, c'est un gadget ! Le son et la vision sont nulles ! Vous ferez mieux de tendre l'oreille et d'ouvrir les yeux plut√¥t que d'acheter cet article dont les qualit√©s avanc√©es sont plus que trompeuses. Un bon moyen de perdre de l'argent inutilement !;Tr√®s bon produit conforme √† la description.;5.0;2024-10-13;"Tr√®s bon rapport qualit√© prix !
Je recommande vivement.";5;0.7772016525268555
Client d'Amazon;Peu qualitatif, usage occasionnel, s√©dentaire et bureautique uniquement;2.0;2024-10-23;"La fiche technique peut paraitre s√©duisante pour le prix (processeur, ram, HDD, √©cran FHD IPS) mais tout le reste de l'ordinateur transpire le bas de gamme.
Coque en plastique cheap, refroidissement qui tourne quasi sans arr√™t, pr√©sence de coil whine, son de tr√®s mauvaise qualit√©, frappe du clavier pas agr√©able, ...
Vient ensuite les probl√®mes logiciels car, comme partout, le Windows 11 install√© est truff√© de logiciels inutiles et autres ""essai gratuit 30 jours"". R√©installer compl√®tement un Windows 11 ""de base"" fut une monumentale purge. Oblig√© de d√©sactiver Intel VMD dans le bios via une manip cach√©e (bug connu avec les processeurs Intel), carte wifi pas reconnue nativement (pr√©voir une premi√®re connexion filaire), d√©sactivation du ""d√©marrage rapide Windows"" via une ligne de commande sinon le PC refusait de s'arr√™ter, ...
Bref, entre du mat√©riel peu qualitatif et du logiciel √† bidouiller pour que √ßa marche, les premi√®res impressions sont tr√®s mauvaises.
Ordinateur √† r√©server √† un usage bureautique, occasionnel et s√©dentaire, si vous √™tes un grand baroudeur, pr√©voyez un mod√®le plus costaud car je crains que celui-ci se prenne des balafres et autres traces d'usure tr√®s rapidement.";2;0.6087518334388733
Le cardinal;Parfait;5.0;2024-10-09;Tr√®s bon rapport qualit√© prix , fonctionne parfaitement, bonne capacit√© de charge;5;0.649691641330719
Client d'Amazon;super ordi;5.0;2024-01-02;"Super ordinateur. Au d√©but, je l'ai trouv√© bruyant, mais en fait il a su se taire. Je trouve le pav√© num√©rique un peu trop diff√©rent de mon ancien ACER. Il est super rapide. Ce qui m'int√©ressait √©tait d'avoir un processeur Intel et pas du C√©l√©ron. Il ne chauffe pas. Pour moi, peu important le temps que tient la batterie, il est tjrs branch√©.
La plus grande difficult√© a √©t√© d'installer l'ordi, sans compte Microsoft. Je dois en avoir un qui date de si longtemps que Microsoft ne parvient pas √† v√©rifier mes donn√©es, et difficile de cr√©er un nouveau compte... Bref j'ai trouv√© une astuce pour avoir un mot de passe local et peut-√™tre m√™me, je vais parvenir √† le supprimer.
Je n'ai pas encore toutes les astuces pour prendre en main l'ordi comme je le souhaite, mais il est tr√®s intuitif. Il a reconnu sans aucune manipulation de ma part √† part le branchement de mon imprimante.
En ce qui concerne l'√©cran et la qualit√©, je n'ai rien constat√© de particulier (j'utilise pour la bureautique, peu de vid√©o, ou d'images).
Le connecteur de batterie est aussi diff√©rent de l'ancien PC.
Bref, excellent produit pour la bureautique et je suis tr√®s heureuse de l'avoir achet√© 550 ‚Ç¨ environ (il est plus cher maintenant).
J'√©prouve des difficult√©s pour comprendre les personnes qui indiquent que ce PC est bruyant ou qu'il dispose d'une mauvaise qualit√© d'image.";5;0.7406525015830994
Gerard;Qualit√© du produit;5.0;2024-10-11;"Utilisation familiale
Bonne m√©moire
Le Bluetooth pratique
Satisfait üëç";4;0.529220461845398
Mr KLEIN Olivier;excellent rapport qualit√© prix;5.0;2024-09-22;Un grand merci au pr√©sident directeur g√©n√©ral d'amazon, du constructeur acer, et de l'√©diteur de logiciels de la vie simplifi√©e microsoft.;5;0.8290649652481079
GANNEAU;Conforme √† la description;5.0;2024-10-07;Je recommande fonctionne parfaitement mon fils l‚Äôutilise en bts tr√®s performant;5;0.7358189225196838
berrin w.;Superbe;5.0;2024-10-10;Top conforme a la description;5;0.7060334086418152
Tr√®s bon, en plus homologu√© Huawei donc niveau compatibilit√© c'est parfait pour un Huawei ou un Honor.;Bon ordinateur;3.0;2024-06-02;"Je vais commencer par le point n√©gatif et pas des moindres ----> la batterie. C'est une grosse d√©ception. Elle tient vraiment pas la charge, si elle arrive √† faire 6h c'est d√©j√† pas mal. Je suis extr√™mement d√©√ßu de √ß√†. Et √ßa joue √©norm√©ment sur ma note global sur l'ordi. Mais c'est le seul point n√©gatif w pour le reste il est excellent, vraiment. Rapide et tr√®s r√©actif. Il arrive parfois a bugu√© mais c'est windows 11, donc pas √©tonnant. Je sais qu'il y'a possibilit√© de revenir gratuitement sur windows 10 donc pas de panique pour ceux qui n'ont pas l'habitude de windows 11.

Malgr√© ce soucis de batterie, √ßa reste un excellent ordinateur portable pas vraiment portable au final.

Note final 3/5 a cause de la batterie qui pour mon avis personnel est plus qu'important pour un ordinateur ""portable""";3;0.6497102975845337
cc;Simple et complet;4.0;2024-07-22;travail;4;0.3972429633140564
Marine P.;Bon produit;4.0;2024-04-23;"Pour le prix c‚Äôest un bon produit. Parfait pour naviguer, faire ses recherches‚Ä¶ Microsoft offert pendant 1an et un vrai plus. Le travail en multi fen√™tres se fait sans trop de latence.
Info : pour installer des appli autre que Windows il suffit de d√©sactiver le mode S et vous pourrez installer les applis √† votre convenance.
Je recommande pour une utilisation simple.";5;0.5937886834144592
Gilles;Red√©marrage al√©atoire;4.0;2023-05-03;"Bonne machine. Au bout de 2 semaines, red√©marre de fa√ßon al√©atoire. Mise √† jour des pilotes, mise √† jour du bios. Probl√®me persistant. BSOD WHEA_UNCORRECTABLE_ERROR. En regardant de plus pr√®s, une erreur au niveau du PCI-Express. NVMe KINGSTONE, pas de firmware de mise √† jour. Test avec HDTune, aucune erreur. Bizarre. Probablement d√ª aux nouvelles fonctionnalit√©s de Windows ? Peut-√™tre les m√©canismes de s√©curit√© avec la virtualisation ? En tout cas, depuis la d√©sactivation de VT-d, il ne reste plus qu'une erreur corrig√© et il ne semble plus y avoir de red√©marrage.

Au final, peut-√™tre une mauvaise gestion d'acc√®s simultan√©e avec soit un bug de Windows de Microsoft, soit un bug du driver RST de Intel, soit incompatibilit√© avec l'UEFI de Acer, soit un probl√®me avec le NVMe.

Retour du produit demand√© pour √©viter de d√©passer le d√©lai de r√©tractation. Vu l'autre commentaire sur cette vente, vu un autre cas similaire avec une machine HP sur un forum, il semblerait que ce ne soit pas un cas isol√© et que le remplacement du NVMe ne soit pas une solution fiable.

Finalement, produit retourn√© pour une machine similaire avec un processeur de 12e g√©n√©ration.";2;0.5002759695053101
De Oliveira Carla;PC;4.0;2024-06-21;Ideal pour pour pr√©parer des fichiers et voir des films, pour le prix c‚Äôest un bon affaire;5;0.551324188709259
Mahmoud;Version 8Gb i3 14 pouces;3.0;2024-08-14;Ce pc portable est r√©actif et fais le job sur de la bureautique de mani√®re ad√©quate. Le seul d√©faut c'est qu'il fait un peu de bruit d√®s qu'on le pousse un peu avec des logiciels 3D ou des copies colles volumineux. Manque √©galement le clavier r√©tro-√©clair√© dommage que cette option est assez cher de nos jours. Sinon pour une personne qui n'utilisera pas de logiciels gourmand c'est parfait. La batterie tient bien 4h minimum. Le pavis tactile n'est pas super pr√©cis il faudra prelivigier une souris.;4;0.6618791222572327
FAIVRE;Satisfait (1er abord);5.0;2024-08-19;"Etant un amateur (m√™me pas √©clair√©), je n'ai pas eu de pb √† prendre en main l'ordinateur. Je recherchais la rapidit√© et la capacit√©, je les ai trouv√©s. Clavier confortable, m√™me si le num√©rique est un peu d√©routant au premier abord. Quand au service Amazone, toujours √† la hauteur, article re√ßu avant la date indiqu√©e.
A voir dans le temps.";4;0.6808741688728333
Abel Pelletier;Efficasse;4.0;2024-06-28;Pas de prolemes pour l'instant;3;0.275405615568161
LOMBARD-DONNET;Tr√®s bonne facture;5.0;2024-09-28;PC de tr√®s bonne qualit√©, service apr√®s-vente Amazon et Acer tr√®s comp√©tents pour une mise en service propre. Je recommande cet ordinateur d'une rapidit√© impressionnante.;5;0.7972431182861328
isab;tr√®s bon ordinateur familial;5.0;2024-06-15;Bjr je suis une utilisatrice moyenne. (je travaille sur ordi et je tape des courriers) j'ai mis en route cet ordinateur en 2 minutes (si tu as un compte google pr√©existant sinon tu cr√©es un compte : facile) . pas de prises de t√™te...juste des proposition d'abonnements google que j'ai refus√© (notamment le traitement de texte) Cela n'a pas eu de cons√©quences pour le moment... j'ai pu imprimer mes projets (lettres et autres) ....etc . Pour le traitement de texte : le clavier est assez petit (ca d√©pend si tu as l'habitude des claviers ext√©rieurs comme moi) mais ca va...Pour la navigation.. il est rapide, j'ai retrouv√© tous les onglets habituels. mes comptes mail remontent rapidement....je suis satisfaite.;4;0.6476152539253235
Khiro;Parfait pour moi;5.0;2023-11-17;"Cet Ordinateur est vraiment top et il n'est pas en mode S. Il s'allume √† moins de 20 secondes et on n'est sur le bureau. Avec 12 Go de RAM et le SSD de 512 Go, tout est instantan√© √† l'ouverture de n'importe quel programme. Avec le WIFI 6 de cet ordi et la box aussi en wifi 6, j'obtiens 500 Mbps. Plus besoin de brancher c√¢ble RJ45. L'√©cran n'est pas terrible mais avec un peut de param√©trage de la carte graphique int√©gr√©e (couleurs, contraste, et nettet√©) on retrouve vraiment la qualit√© FHD. La batterie est correcte et elle se charge rapidement. Le temps restant en heures est al√©atoire et change sans arr√™t malgr√© le calibrage de la batterie avec un logiciel int√©gr√© de ACER. Par contre, en pourcentage s'est OK. On entend presque jamais un bruit est c'est la magie de SSD. l'enceint ordi que j'avais √©tait un disque dur et j'ai vraiment souffre avec. Le processeur et une b√™te de course et il ne chauffe pas trop. Avec un ajout de 512 Go en mini USB 3.1 SanDisk achet√© sur Amazon, c'est vraiment top d'avoir 1T.
Je recommande vivement.";5;0.8994395732879639
billy;Nickel;5.0;2024-08-14;J'avais besoin d'un ordinateur pour faire devis et facture et quelque papier et franchement √ßa suffit large le seul reproche que je peut lui faire c'est la batterie qui a pas une autonomie tr√®s longue mais bon moi perso il reste sur le bureau le chargeur a port√© de main.;4;0.6631473302841187
Client d'Amazon;Ordinateur Acer;5.0;2024-09-23;"Super ordinateur.
Aucun soucis de mise en marche et utilisation.
Je l'adore.";5;0.8778753280639648
Fleter Tom;Tr√®s bon produit mais attention √† la couleur;5.0;2024-08-01;"Excellent produit arriv√© dans les temps, tout fonctionne pour le moment.
De tr√®s bonne qualit√© m√™me avec du plastique recycl√©, l‚Äô√©cran est tr√®s bien aussi.

Attention √† la couleur qui n‚Äôest pas la m√™me, c‚Äôest du gris mouchet√© de jaune alors que si les photos plus haut c‚Äôest du vert. La couleur reste n√©anmoins tr√®s bien

Je recommande";5;0.7585468888282776
r√©gis D;BON PRODUIT POUR LES BASES CLASSIQUES;5.0;2024-09-09;Apr√®s un mois d'utilisation quotidienne , aucun soucis , la mise en route √† √©t√© relativement simple surtout pour moi qui suis un informaticien basic , l'appareil rempli bien les fonctions dont j'ai besoin et cela me suffit largement. Donc bon rapport qualit√© prix .;4;0.5330460667610168
sylla Anthioumana;je suis satisfait;5.0;2024-09-27;je suis satisfait;4;0.5062013268470764
Pat;livraison rapide;5.0;2024-08-23;tr√®s satisfaite de mon achat, j'ai repris la m√™me marque que je connais bien, je m'en sers tous les jours pour jouer, parfais pour le petit travail de bureau, tr√®s r√©actif, je recommande;5;0.7815723419189453
Hucbourg;windows 10;4.0;2024-05-17;Tr√®s bon produit marqu√© livr√© avec windows 10 normalement , c'est ce qui m'int√©res√©, H√©las arriv√© avec Windows 11 , pff nul;1;0.3540398478507995
TRABELSI TEYSSIR;Tr√®s bien;5.0;2024-09-25;Tr√®s bien;5;0.4768954515457153
Vinny;"Parfait ;)";5.0;2024-09-08;J'ai re√ßu mon ordinateur aujourd'hui en tr√®s bonne √©tat. Il est exactement comme il √©tait d√©crit. Rien √† redire.;5;0.7656876444816589
Famille Villet / Bulinski;PC fait le job;4.0;2024-05-10;Achet√© pour une utilisation professionnelle pour ma collaboratrice afin d'effectuer du t√©l√©travail. Fait le job, √† voir dans le temps.;4;0.6697107553482056
Epaud;Top;5.0;2024-09-12;Ordinateur fluide et rapide, je suis tr√®s satisfaite. Parfait pour de la bureautique;5;0.8001081347465515
Jean-Christophe;Correct;5.0;2024-09-17;Un ordinateur de bureau agr√©able.;4;0.5620234608650208
jm;Batterie;4.0;2024-04-25;2 mois et d√©j√† un probl√®me de batterie renvoyer pour r√©paration je me retrouve donc sent ordinateur oblig√© dans louer un d√©√ßu de cette marque.;1;0.5110978484153748
launay;Tr√®s bon produit;5.0;2024-09-14;Facile d‚Äôutilisation mise a part oblig√© de cr√©e un compte Microsoft a part √ßa je le recommande produit l√©ger;3;0.4741220474243164
jourdan;le plus important est d avoir du mat√©riel qui fonctionne;3.0;2024-06-08;"bonjour d√©√ßu pour le PC AUX BOUT DE 48 HEURES je ne pouvais plus l ouvrir il √©tait bloquer j esp√®re un d√©dommagement de la part d Amazon pour la g√®ne de ne plus avoir de PC je suis un bon client il serait dommage de ne plus commande chez Amazon j attend un bon jeste de la part d Amazon
Cordialement
MR JOURDAN MICHEL";1;0.5874826908111572
Achet√© pour Samsung galaxy A54. Lecteur d'empreinte ne fonctionne plus... dommage;Parfait pour un usage scolaire;5.0;2024-09-11;Contrairement √† certains commentaires, le pack microsoft office est bien fourni.;4;0.4495830833911896
