Auteur;Date;Commentaire;Note;score;prediction;Sentiment
JULIE;11/12/2024;agreables a porter et bon amorti;5;0.598046600818634;4;Positif
PIERRETTE;11/12/2024;bon produit;5;0.5772925615310669;4;Positif
VANESSA;10/12/2024;bon rapport qualite prix;5;0.5990828275680542;4;Positif
JEAN CHARLES;10/12/2024;tiens bien au pied;5;0.4703868329524994;4;Positif
BARBARA;10/12/2024;utilisee pour la salle de sport et sur tapis de course ces chaussures assurent un bon maintien;5;0.4923379719257355;4;Positif
VIRGINIE;09/12/2024;semelle dure materiaux passables pour la transpiration;3;0.43989041447639465;3;Neutre
NADINE;10/12/2024;achetees pour le travail debout h par jour parfait;5;0.7998060584068298;5;Tres positif
Florence;09/12/2024;sa fait longtemps que je prend ce modele et j en suis tres contente;5;0.7354879379272461;5;Tres positif
Margaux;09/12/2024;chaussures pas cher et qui fait le taf pour commencer la course a pied;5;0.46997755765914917;5;Tres positif
Pascale;08/12/2024;non seulement de glisser sur sol mouille la semelle nadhere pas sur beaucoup de surfaces parisiennes;3;0.5440360307693481;2;Negatif
Odette;08/12/2024;tres beau design sa agripe bien sur les montees meme sur lherbe je recommande vivement;5;0.8469156622886658;5;Tres positif
Ilef;07/12/2024;tres satisfaite;5;0.6112083792686462;5;Tres positif
Emmanuelle;07/12/2024;semelle tres glissante sur sol humide type macadam bord trottoir;1;0.37914201617240906;3;Neutre
Sandrine;07/12/2024;super produit;5;0.8209314346313477;5;Tres positif
Carine;07/12/2024;chaussures parfaites pour moi qui suis debutante rapport qualiteprix tres bien je recommande;5;0.6357123851776123;5;Tres positif
Karine;06/12/2024;article tres confortable;5;0.4774734079837799;4;Positif
Nathalie;06/12/2024;chaussures tres confortable;5;0.4510626196861267;4;Positif
BORIS;06/12/2024;apres plusieurs minutes dutilisation une gene importante est apparue au niveau de louverture dune des baskets pourtant je navais rien ressenti au moment de lessayage avant achat je recommande le produit mais avec reserve;3;0.5054219961166382;3;Neutre
Corinne;06/12/2024;je ne les utilise pas pour le sport;5;0.30038121342658997;2;Negatif
maite;06/12/2024;le vendeur m as tres mal renseigne je voulais des chaussures pour une marche rapide qui ne glissent pas il mas conseille celle ci qui glissent enormement;1;0.3344598412513733;3;Neutre
oliver;05/12/2024;ras;5;0.2678478956222534;2;Negatif
Jo«Ælle;05/12/2024;tres bon rapport qualite prix chaussure confortable et look sympa je conseille;5;0.48121553659439087;5;Tres positif
Eric;05/12/2024;utilisees par ma fille celleci a souhaite racheter les memes lorsque la premiere paire a ete trop petite;5;0.31293779611587524;3;Neutre
Evelyne;05/12/2024;tres bon je suis satisfaite petit bemol les semelles glissent en temps de pluie a ne pas utiliser pour la course sous la pluie;5;0.7120747566223145;4;Positif
Patricia;05/12/2024;jaimerais dautres couleurs;5;0.3214968144893646;4;Positif
Florine;04/12/2024;top pour la marche;5;0.537291944026947;5;Tres positif
Monique;04/12/2024;tres bon produit bon rapport qualite prix;5;0.5428565144538879;5;Tres positif
Aur«∏lie;03/12/2024;non rapport qualite prix je les utilise pour des footing de km et assez respirantes;5;0.4824342429637909;3;Neutre
annick;03/12/2024;bravo super vendeuse;5;0.7457183599472046;5;Tres positif
JOCELYNE;03/12/2024;confortable;4;0.5020272731781006;4;Positif
Myriam;02/12/2024;je pensais avoir plus daccroche au sol;5;0.31882229447364807;4;Positif
Isabelle;02/12/2024;parfaites;5;0.7782779932022095;5;Tres positif
BEATRICE;01/12/2024;bon produit;4;0.5772925615310669;4;Positif
Karine;01/12/2024;bon rapport qualite prix;5;0.5990828275680542;4;Positif
severine;02/12/2024;j achete toujours cette paire pour le travail ou je pietine beaucoup par contre elles ont beaucoup augmente par rapport a mon precedent achat;4;0.4655517637729645;3;Neutre
Ed;30/11/2024;cela fait plusieurs fois que je les achete car pas trop cher mais a chaque fois elles se trouent sur le dessus c est dommage;3;0.4877285361289978;2;Negatif
fabien;30/11/2024;jai repris exactement les memes chaussures que jai depuis plusieurs annees mais les lacets deviennent de plus en plus petit a chaque fois que jen achete des nouvelles on peut a peine les faire sinon tres confortable;3;0.542255699634552;3;Neutre
CHRISTINE;30/11/2024;bon produit;5;0.5772925615310669;4;Positif
Alain;30/11/2024;tres bon rapport qualite prix;5;0.4984828531742096;5;Tres positif
georges;30/11/2024;entiere satisfaction;5;0.8431760668754578;5;Tres positif
Johnny;29/11/2024;achat pour marche;5;0.251376748085022;4;Positif
Magali;28/11/2024;bonne tenue souple legere;5;0.5893217921257019;4;Positif
Virginie;26/11/2024;bien;5;0.4797615110874176;4;Positif
Roselyne;26/11/2024;tres joli mais jai eu les dessous de pieds brules et des ampoules en faisant mon sport mise une seule dommage un achat qui ne me sers a rien;2;0.5465661287307739;2;Negatif
COLETTE;26/11/2024;article correspondant a mes attentes;5;0.5832118391990662;4;Positif
CHRISTIANE;25/11/2024;je les adore elles sont jolies et tres confortable;5;0.7800059914588928;5;Tres positif
VERONIQUE;23/11/2024;acheter pour reeducation apres fracture genou cheville;5;0.30894753336906433;4;Positif
CLAUDE;23/11/2024;correspond a mes attentes;5;0.6014665961265564;4;Positif
NICOLE;22/11/2024;baskets souples et confortables;5;0.46738409996032715;4;Positif
FABIENNE;22/11/2024;tres satisfaite pour le quotidien;4;0.5392147898674011;5;Tres positif
GAEL;22/11/2024;repond au besoin;4;0.458950936794281;4;Positif
V«∏ronique;22/11/2024;utilisation pour mon job les chaussures sont legeres et tres confortables pieds preserves;5;0.4897838234901428;5;Tres positif
Astrid;22/11/2024;un peu trop raide;5;0.6015585064888;3;Neutre
Audrey;21/11/2024;tres jolies et bon grip;4;0.5893373489379883;5;Tres positif
FLORENCE;21/11/2024;tres satisfaite de ces baskets;5;0.6548253893852234;5;Tres positif
St«∏phane;20/11/2024;bon produit;5;0.5772925615310669;4;Positif
Sylvie;19/11/2024;super confortable;5;0.5954845547676086;5;Tres positif
MAGALIE;19/11/2024;super leger et agreable pour toutes occasions;5;0.6213252544403076;5;Tres positif
ELIANE;19/11/2024;confortable et bon maintient;5;0.5442189574241638;4;Positif
NATHALIE;18/11/2024;tres bon produit et jolie design je recommande;5;0.7119594812393188;5;Tres positif
ARNAUD;18/11/2024;bon rapport qualiteprix bonne stabilite et bon maintien;4;0.596291720867157;4;Positif
CELINE;18/11/2024;je men sert pour faire les cours collectifs et les randonnees exterieures jen suis tres contente;4;0.6246976256370544;5;Tres positif
emmylou;16/11/2024;bon produit laccroche et le confort sont la les couleurs ne sont pas trop a notre gout mais cetait la seule paire qui correspondait a nos criteres et a notre budget;4;0.5901240706443787;4;Positif
Beatrice;16/11/2024;bon rapport qualite prix;4;0.5990828275680542;4;Positif
JEAN CLAUDE;15/11/2024;qualite prix correct;5;0.5019300580024719;4;Positif
STEVE;14/11/2024;ideales pour marche quotidienne meme pour les randonnees jusqua kms;5;0.48581138253211975;5;Tres positif
Catherine;14/11/2024;bonne chaussure pour terrain plat je nai pas teste sur longue distance;5;0.5717064738273621;4;Positif
Nicolas;13/11/2024;bonnes chaussures pour commencer le running;5;0.49471959471702576;4;Positif
PIERRE;12/11/2024;correspond a mon besoin personnelle;5;0.5238871574401855;4;Positif
Wahiba;12/11/2024;je les utilise fois par semaine pour du step et parfaite bon maintien et bon amorti;5;0.608428955078125;5;Tres positif
ANNICK;12/11/2024;elles me servent tous les jours super produit;5;0.8028728365898132;5;Tres positif
Nicolas;11/11/2024;la semelle manque un peu daccroche sur certains sols lisses quand ils sont mouilles le maintien est satisfaisant et le confort correct;5;0.5503464341163635;3;Neutre
Martine;11/11/2024;javais les mm il y a ans que jai use ou presque je narrive pas a les jeter jai repris le mm modele xt pour le maintien les semelles interieur la legerete laccroche marche nature terre etc tres tres bon produit et jai fait enormement de sport dont des exped au loin;5;0.7273930311203003;5;Tres positif
samia;10/11/2024;je rachete chaque fois la meme marque je recommande;4;0.7731067538261414;5;Tres positif
Corinne;10/11/2024;jutilise ces chaussures pour la vie de tous les jours et jen suis tout a fait satisfaite je les ai depuis mois et elles sont toujours en parfait etat je les utilise aussi ponctuellement pour des balades aucun probleme;5;0.7858141660690308;5;Tres positif
Catherine;09/11/2024;tres bonne chaussures;5;0.5742920637130737;5;Tres positif
Sylvie;09/11/2024;chaussures tres confortables qui passent partout;5;0.519328773021698;5;Tres positif
Stephanie;08/11/2024;parfait pour la course a pied fois par semaine;5;0.5192704796791077;5;Tres positif
marion;08/11/2024;respirabilite et confort;5;0.5699511766433716;5;Tres positif
JOLANTA;07/11/2024;produits teste sur une course a pied de km tres confortable aucun souci apres cette distance;5;0.46860113739967346;5;Tres positif
Martial;07/11/2024;chaussures agreables a porter mais je trouve quelles ont tendance a suser un peu vite peutetre que je fais trop de kilometres avec;5;0.6636198163032532;3;Neutre
Marlene;07/11/2024;ras;4;0.2678478956222534;2;Negatif
Isabelle;07/11/2024;glissant sur sol mouille;4;0.37942203879356384;2;Negatif
Apolline;07/11/2024;je les porte plusieurs fois par semaine pour de la marche depuis plus dun an et franchement elles sont super confortable bon amorti super rapport qualiteprix en revanche elles ne sont pas impermeable mais pour le prix cest parfait;5;0.5509349703788757;4;Positif
Philippe;06/11/2024;utilise pour de la marche rapide et footing light bon confort bon maintien;5;0.5588162541389465;4;Positif
Isabelle;06/11/2024;bon rapport qualite prix conseil avec le sourire de la vendeuse;4;0.5674152374267578;4;Positif
PATRICIA;06/11/2024;decu du produit achete en juin et l arriere de la chaussure interieur ce dechire deja;2;0.5570785403251648;2;Negatif
Yohan;05/11/2024;look et tres souple;5;0.46433594822883606;4;Positif
JEAN LOUIS;05/11/2024;article conforme a mon attente;5;0.5625917315483093;4;Positif
Vincent;04/11/2024;parfait;4;0.7873300313949585;5;Tres positif
Valerie;03/11/2024;tres bien;5;0.49827447533607483;5;Tres positif
Lucile;03/11/2024;tres bon produit pour debuter le trail;5;0.6166052222251892;5;Tres positif
MIREILLE;02/11/2024;chaussures achetees pour des seances de gym et pour de petites balades sur route ou chemin de terre;5;0.3554129898548126;4;Positif
CHRISTINE;01/11/2024;excellent produit tres plaisant a porter;5;0.723841667175293;5;Tres positif
Brigitte;31/10/2024;bon produit adapte a une large gamme de sports;4;0.599435567855835;4;Positif
Laurent;31/10/2024;jai achete ces chaussures pour faire de la marche active en plaine je nose plus les utiliser par temps humide car elles sont trop glissantes et jai peur de tomber;2;0.49210402369499207;2;Negatif
tiphaine;30/10/2024;content de lachat;5;0.459905743598938;4;Positif
Mylene;29/10/2024;tres confortable;5;0.4559965431690216;5;Tres positif
Claire;28/10/2024;utilise au parkour tres bonnes chaussures;5;0.4829925000667572;5;Tres positif
Corinne;28/10/2024;malgre un lassage tres detendu j ai des fourmis qui apparaissent rapidement j espere que ca va s ameliorer;3;0.4582480490207672;3;Neutre
Chantal;28/10/2024;achat de la meme paire de chaussure cela me convient;5;0.44564127922058105;5;Tres positif
Charlotte;27/10/2024;bien pour debuter;4;0.47989776730537415;4;Positif
Emma;28/10/2024;lacet trop court;2;0.4815501868724823;2;Negatif
Alexandra;27/10/2024;tres contente de mon achat;5;0.6828895211219788;5;Tres positif
C«∏line;27/10/2024;bon rapport qualite prix utilisees en salle et en marche rapide legere bonne accroche;5;0.5933064222335815;4;Positif
Magali;26/10/2024;jai du prendre tailles au dessus sinon la couture appuyait sur mon hallux valgus et me faisait mal sans etre en activite lors de mon er footing leger douleur legere au mollet et ampoule au niveau du talon haut de la chaussure a voir avec le temps pour linstant pas convaincue;3;0.5577351450920105;2;Negatif
Sarah;26/10/2024;super rapport qualite prix je recommande jadore la couleur;5;0.7852678894996643;5;Tres positif
Isabelle;26/10/2024;maintien bien le pied tres legere;5;0.5500332713127136;4;Positif
muriel;25/10/2024;essayer c est l adopte;5;0.5098305940628052;5;Tres positif
Audrey;25/10/2024;ideale pour le running ou la marche confortables et legeres;5;0.510388195514679;5;Tres positif
Nicolas;25/10/2024;bon maintien confortable;5;0.6162204146385193;4;Positif
veronique;25/10/2024;tres bien chaussures legeres;5;0.4745352268218994;5;Tres positif
Edith;24/10/2024;ce produit est tres confortable jai pris une pointure audessus de la mienne je men sers pour la marche et pour de petits footing ce produit fait vraiment laffaire pour un coureur moyen qui veut faire quelques kilometres dans la semaine bon rapport qualite prix;5;0.5233025550842285;4;Positif
Mohamed Abderahmane;24/10/2024;excellent produit;5;0.7725176215171814;5;Tres positif
MARIE HELENE;24/10/2024;japprecie sa couleur japprecie la forme pas allongee japprecie son accroche japprecie son prix pour du sport a intensite moderee;4;0.46878084540367126;4;Positif
Christophe;23/10/2024;ma fille lutilise pour le sport au college et elle est completement satisfaite;5;0.7273330688476562;5;Tres positif
Isabelle;23/10/2024;jachete ce modele car le maintien est bien pour baskets de sport au lycee et tarif moindre par rapport aux autres modeles le tarif a toutefois augmente de euros en une seule fois cest quand meme excessif surtout que la paire de baskets na pas evolue dans la forme prendre une pointure au dessus de la sienne pour etre bien;5;0.5464868545532227;3;Neutre
adeline;22/10/2024;parfait pour les balades;5;0.47692278027534485;5;Tres positif
Eric;22/10/2024;bonne chaussures avec un bon amorti pour debuter la course a pied;5;0.6255069971084595;4;Positif
Elodie;22/10/2024;notre filles est ravie de ces basket tres confortables;5;0.571672797203064;5;Tres positif
Damien;21/10/2024;bonne basket confortable;5;0.5852802991867065;4;Positif
Christelle;20/10/2024;chaussures parfait pour faire de la course a pied agreable a porter maintient bien le pied et chaussures legeres je suis tres satisfaite de mon achat et je recommande;5;0.6366528272628784;5;Tres positif
Anne marie;20/10/2024;elles sont tres confortables legeres et surtout courent vite apres mes petits fils je recommande;5;0.6615341901779175;5;Tres positif
Jean-philippe;20/10/2024;tres bon maintien dans les chaussures bonne adaptation au pied large l amorti est suffisant pour une reprise de la course a pied en douceur;5;0.5287066698074341;4;Positif
Emy;20/10/2024;je men sers comme chaussures pour la marche sportive elles sont vraiment top lamorti est vraiment bien elles ne compriment pas les pieds et ont un look passe partout que demandez de mieux;5;0.8045951128005981;5;Tres positif
PHILIPPE;19/10/2024;bien pour faire des petites sorties et des marches en campagne;4;0.5128728747367859;4;Positif
bruno;19/10/2024;confortable ma fille les adore;5;0.504024863243103;4;Positif
GREGORY;19/10/2024;tres bon produit agreable a porter bon amorti je recommande ce produit;5;0.5848960876464844;5;Tres positif
karine;18/10/2024;nickel tient bien au pied et au sol;5;0.6441510915756226;5;Tres positif
Carole;18/10/2024;javais deja eu ce modele dans une autre couleur je suis tres satisfaite de ce produit kalenji;5;0.7309789657592773;5;Tres positif
Valerie;17/10/2024;legeres bon rapport qualite prix;5;0.5752981901168823;4;Positif
NATHALIE;17/10/2024;utilisees en salle parfait maintient;5;0.6242111921310425;5;Tres positif
Patricia;17/10/2024;je suis satisfaite de mon achat et je recommande;5;0.49895963072776794;4;Positif
NATHALIE;16/10/2024;il me manque la petite boucle a larriere pour enfiler le talon cest dommage;5;0.49961555004119873;3;Neutre
Bland;16/10/2024;tres bon produit un maintient parfait chaussures legeres et bon accroche meme sur les chemins de campagne tres bon rapport qualite prix;5;0.6147087216377258;5;Tres positif
florence;16/10/2024;bon rapport qualiteprix;4;0.6002370715141296;4;Positif
jean-guy;15/10/2024;ras;5;0.2678478956222534;2;Negatif
Catherine;14/10/2024;apres quelques utilisations un leger trou se forme deja au niveau du pouce je suis decue du peu de durabilite du produit je ne recommande pas;2;0.6528633832931519;2;Negatif
Christine;14/10/2024;bien pour le prix manque dadhesion sur le bout du pied voir avec le temps peut sameliorer chaussures encore neuves;4;0.501102864742279;3;Neutre
Val«∏rie;13/10/2024;super pour le sport;5;0.6104184985160828;5;Tres positif
B«∏atrice;13/10/2024;bonne basquette bon rapport qualite prix on est tres bien dedans;5;0.5554115772247314;4;Positif
Yanko;13/10/2024;ok;5;0.449715793132782;4;Positif
fran«ıoise;12/10/2024;super chaussures tres agreables a porter tres satisfaite de cet achat;5;0.7425050139427185;5;Tres positif
Michael;12/10/2024;tres bon rapport qualite prix;5;0.4984828531742096;5;Tres positif
Nathalie;12/10/2024;bon maintien du pied agreables a porter glissantes sur sol mouille;4;0.6104040741920471;4;Positif
C«∏line;11/10/2024;super basic pour mes a courses dans la semaine en tout cas pour debuter zero douleur compare a une paire achete pres de euros pour me retrouver avec des cloques sous la voute plantaire au bout de min de course;5;0.2590542137622833;5;Tres positif
GENEVIEVE;10/10/2024;baskets confortable avec un bon amorti je travaille toute la journee avec et franchement tres bien;5;0.5805805921554565;5;Tres positif
JOCELYNE;10/10/2024;chaussure tres sympa par le look agreable et confortable;5;0.531385064125061;4;Positif
Sophie;10/10/2024;tres confortable et legere;4;0.48651719093322754;5;Tres positif
Dominique;10/10/2024;le seul reproche est la mauvaise qualite de la toile puisque celleci se perce au niveau des gros orteils malgre des soins de pedicure;1;0.5148420929908752;3;Neutre
monica;09/10/2024;bonne calite;5;0.45997166633605957;4;Positif
CHRISTIAN;09/10/2024;bon produit de bonne qualite;4;0.5425974726676941;4;Positif
Marine;08/10/2024;amorti bien les pb de genoux;5;0.6100910305976868;4;Positif
Mouhcine;08/10/2024;tres pratique;5;0.48964443802833557;5;Tres positif
emilie;08/10/2024;bien;4;0.4797615110874176;4;Positif
VALERIE;08/10/2024;ravie de mon achat utilisation des chaussures sans aucun probleme je recommande;5;0.7353726625442505;5;Tres positif
Thomas;07/10/2024;pour du sport en interieur elles sont tres confortables;5;0.5108761191368103;5;Tres positif
Florent;06/10/2024;portees au quotidien pour les petites sorties;4;0.40942779183387756;4;Positif
SYLVIANE;06/10/2024;conforme produit satisfaisant;5;0.5271338224411011;4;Positif
GERALDINE;06/10/2024;tres confortable bon maintien;5;0.5218984484672546;4;Positif
Charline;06/10/2024;adaptees pour chemins en foret nature trail mais pas adaptees pour courir sur route;5;0.45246484875679016;3;Neutre
LYSIANE;06/10/2024;confortables et legeres;5;0.44884994626045227;4;Positif
Josephine;05/10/2024;tres agreable et tres confortable;5;0.5283827185630798;5;Tres positif
claire;05/10/2024;parfait pour marcher tous les jours;5;0.5713981986045837;5;Tres positif
Annie;05/10/2024;correspond au produit annonce je le recommande;5;0.5649629831314087;4;Positif
Regine;04/10/2024;ma troisieme paire;5;0.33631402254104614;5;Tres positif
Lucile;04/10/2024;achat tout recent mais tout a fait satisfaite de ma premiere sortie;5;0.5422888994216919;5;Tres positif
Didier;04/10/2024;excellent rapport qualiteprix tres jolie couleur;5;0.6835453510284424;5;Tres positif
Eleonore;04/10/2024;chaussures utilisees pour courir sur sentier et un peu de route tres confortables et legeres a voir dans la duree;4;0.6064785718917847;4;Positif
sylvie;04/10/2024;jutilise pour de la marche rapide h environ fois par semaine semelle et amorti tres agreable je ne cours pas jen suis tres contente pour mon utilisation;4;0.5099351406097412;5;Tres positif
Richard;04/10/2024;impeccable;5;0.5994585156440735;5;Tres positif
Sabine;04/10/2024;parfait;5;0.7873300313949585;5;Tres positif
Ghislaine;03/10/2024;tres confortable achat pour la marche de tous les jours en ville ou sur chemin porteuse dune prothese de jambe ce modele est leger et surtout na pas ou peu de talon cest super;5;0.5005114674568176;4;Positif
D«∏borah;03/10/2024;elles tiennent bien aux pieds et amortissent les chocs propos de ma fille utilisatrice de ans;5;0.49753373861312866;4;Positif
Philippe;03/10/2024;look sympa par contre au niveau de la pointure cest soit un peu petit ou un peu trop grand mais dans l ensemble cest correct vu le prix;3;0.6897228360176086;3;Neutre
Michelle;03/10/2024;tres bon produit;5;0.6387131214141846;5;Tres positif
michel;01/10/2024;ras;5;0.2678478956222534;2;Negatif
CLAUDETTE;01/10/2024;super;5;0.667483389377594;5;Tres positif
Richard;30/09/2024;tres bien jen suis tres contente;5;0.6963441967964172;5;Tres positif
Lil;30/09/2024;tres bien;5;0.49827447533607483;5;Tres positif
Annie;30/09/2024;un peu large pour moi;4;0.5791404247283936;3;Neutre
DOLORES;30/09/2024;tres bon produit souple respirantagreable a porter;5;0.5909938216209412;5;Tres positif
YOHAN;30/09/2024;basket randonnee tres bien;5;0.4651738405227661;4;Positif
Geraldine;30/09/2024;achetees en jen reprends aujourdhui car elles sont usees je marche beaucoup avec jespere que la qualite du produit est la meme quil y a deux ans lavage en machine sechage rapide legeres confortable;5;0.4499712586402893;4;Positif
Nicolas;29/09/2024;les lacets tiennent tres bien pas besoin de les refaire tous les metres;5;0.6264945864677429;5;Tres positif
CLAUDINE;29/09/2024;bon rapport qualite prix;3;0.5990828275680542;4;Positif
GAELLE;29/09/2024;tres bon produit;5;0.6387131214141846;5;Tres positif
Les Touranselles;29/09/2024;baskets ideales pour les cours deps de bonne qualite et confortable selon la fille;5;0.5465564727783203;4;Positif
VERONIQUE;29/09/2024;je les utilise depuis mois uniquement pour marcher en ville je ne fais pas de sport avec or elles sont deja tres abimees le bout qui se decolle le dessin aui se decolle aussi je suis tres decue par cet article;2;0.48707011342048645;2;Negatif
Daniel;29/09/2024;tres bon produit;5;0.6387131214141846;5;Tres positif
Stephanie;28/09/2024;tres confortables et efficaces mais je trouve que les crans susent un peu trop rapidement cela reste neanmoins dun tres bon rapport qualite prix;4;0.48320940136909485;4;Positif
Adeline;28/09/2024;tres bien;5;0.49827447533607483;5;Tres positif
Veronique;28/09/2024;tres bien;5;0.49827447533607483;5;Tres positif
Michel;28/09/2024;decu par la qualite et le prix;3;0.5879305601119995;2;Negatif
Aude;30/09/2024;bonjour amorti agreable a porter;5;0.5263537168502808;4;Positif
Mickael;27/09/2024;correct chaussure agreable;5;0.5201234817504883;4;Positif
FLORENCE;27/09/2024;satisfaite de ces baskets;5;0.5679319500923157;4;Positif
Linda;26/09/2024;parfait;5;0.7873300313949585;5;Tres positif
Christian;26/09/2024;chaussures confortables legeres et elegantes adaptees aussi pour fitness en salle de sport a linterieur;5;0.4935634732246399;5;Tres positif
Agnes;26/09/2024;confortable bon maintien;5;0.6027945876121521;4;Positif
Caroline;25/09/2024;tres bonnes chaussures ce nest pas ma premiere paire pour etre plus a laise jai pris une pointure de plus;5;0.4756885766983032;4;Positif
LEA;25/09/2024;deuxieme paire du type que jachete la precedente a tenu ans bon grip bonne tenue assez respirable amorti correct niquel pour marcher moins pour courir;5;0.6006379127502441;4;Positif
MARJORIE;24/09/2024;parfait pour le running et la marche;5;0.5275682806968689;5;Tres positif
Elodie;23/09/2024;bonne adherence et bonne flexibilite;5;0.4842298924922943;4;Positif
irene;22/09/2024;nickel;5;0.7126469016075134;5;Tres positif
Aurelia;22/09/2024;parfaite pour la course sur tapis tres jolie jaime beaucoup;5;0.6008487343788147;5;Tres positif
Fr«∏d«∏ric;22/09/2024;ras;5;0.2678478956222534;2;Negatif
Isabelle;21/09/2024;chaussures de ma fille pratique pour le sport mais aussi pour tout les jours;5;0.5255535244941711;4;Positif
Isabelle;21/09/2024;jachete depuis plusieurs annees ce modele pour faire de la marche aussi bien dans les bois que sur du plat ou du bitume souffrant dun probleme de voute plantaire jai peine a trouver un modele adapte ces chaussures sont parfaites pour moi;5;0.4906388819217682;5;Tres positif
THIBAULT;21/09/2024;eme paire que j achete tres bon rapport qualite prix;5;0.5907042622566223;5;Tres positif
Frederique;21/09/2024;bon maintien mais tige peu souple a voir avec le tps;5;0.5400813817977905;3;Neutre
Isabelle;20/09/2024;chaussure de sport confortable qui accroche bien au sol le look va avec bcp de tenues et elles sont tres confortables jaime bcp le maintien du pied;5;0.496198445558548;5;Tres positif
EDITH;20/09/2024;confortables contente de mon achat;5;0.5015140175819397;4;Positif
In«˘s;20/09/2024;chaussures de sport femme;5;0.32947656512260437;4;Positif
Fatima;18/09/2024;tres bon produit;5;0.6387131214141846;5;Tres positif
clement;18/09/2024;confortable;5;0.5020272731781006;4;Positif
melanie;18/09/2024;juste pris une taille au dessus;5;0.3697458803653717;4;Positif
Patricia;17/09/2024;agreable a porter;5;0.5111257433891296;4;Positif
Bruno;16/09/2024;tres bien pour une initiation au running;5;0.5046959519386292;4;Positif
Karine;15/09/2024;legere et bon amorti;5;0.5465108156204224;4;Positif
Muriel;15/09/2024;confortable pour la marche legere bon amorti;5;0.6234835982322693;4;Positif
Michel;14/09/2024;je connais ces chaussures et cest la eme paire que jachete elles me servent principalement pour marcher dans des terrains plutot caillouteux jen suis tres contente;4;0.6027076840400696;5;Tres positif
RICHARD;14/09/2024;excellent rapport qualite prix tres bon produit;5;0.7428500056266785;5;Tres positif
linda;14/09/2024;par temps de pluie elles glissent dommage a voir dans le temps pour la qualite car je marche enormement;5;0.5830473303794861;3;Neutre
Patricia;14/09/2024;tres confortable;5;0.4559965431690216;5;Tres positif
dominique;13/09/2024;jutilise ces chaussures pour ma vie de tous les jours;4;0.4769013524055481;5;Tres positif
Corinne;13/09/2024;cest la eme paires que jachete je les trouve tres bien et confortables;5;0.6671808958053589;5;Tres positif
Sylvie;13/09/2024;basket de tres bonne qualite agreable a porte;5;0.4853081703186035;5;Tres positif
Delphine;13/09/2024;tres confortables;5;0.4965697228908539;5;Tres positif
GERALDINE;13/09/2024;chaussures tres confortable;5;0.4510626196861267;4;Positif
david;11/09/2024;tres bonne chaussure de running pour ma fille de ans;5;0.520691990852356;5;Tres positif
Christelle;11/09/2024;bonjour ces chaussures nauront duree que semaines avant de laisser apparaitre un trou au niveau du gros orteil produit de mauvaise qualite;1;0.649554431438446;1;Tres negatif
Delphine;09/09/2024;pratique au quotidien semelle antiglisse appreciable;5;0.5948544144630432;4;Positif
JACKIE;08/09/2024;parfait pour courir avec mon chien;5;0.5762966871261597;5;Tres positif
Ludivine;10/09/2024;ras;3;0.2678478956222534;2;Negatif
Christelle;08/09/2024;tres agreable;5;0.4563462436199188;4;Positif
Camille;08/09/2024;pas tres cher mais pas adapte pour du running douleurs au talon peu damorti;2;0.44633474946022034;2;Negatif
Sandrine;08/09/2024;confortables et look sympa;5;0.5305368900299072;4;Positif
MANUEL;08/09/2024;super;5;0.667483389377594;5;Tres positif
Fran«ıoise;07/09/2024;produit au top pour la marche;5;0.7458357214927673;5;Tres positif
REGINE;06/09/2024;tres confortable pour tous les jours;5;0.4910050928592682;5;Tres positif
ISABELLE;05/09/2024;elles sont agreables a porter et legeres;4;0.47121721506118774;4;Positif
FRANCOISE;05/09/2024;chaussures tres legeres et confortables;5;0.43422237038612366;4;Positif
Amanda;04/09/2024;tres satisfaite et eme fois en ans que je les rachete;5;0.744372546672821;5;Tres positif
St«∏phanie;04/09/2024;achetees pour courir occasionnellement donc tres peu portees et commencent deja a se trouer au bout du pied;3;0.5233888626098633;2;Negatif
Cecile;03/09/2024;tres bon produit bon rapport qualite prix;5;0.5428565144538879;5;Tres positif
MARYSE;02/09/2024;utilisees pour mentrainer en endurance et en vitesse sur tapis confortable bon amorti;4;0.5455563068389893;4;Positif
Marie-Laure;01/09/2024;semelle avec accroche ideal pour tout terrain;5;0.46831926703453064;4;Positif
Sandrine;03/09/2024;pour sport en exterieur;5;0.3600929379463196;4;Positif
Florent;31/08/2024;choisies par ma fille elle ne les quittent plus;5;0.6738659143447876;5;Tres positif
CHANTAL;30/08/2024;bon rapport qualite prix;5;0.5990828275680542;4;Positif
Sylvie;29/08/2024;produit peu cher mais qui ne durera pas dans le temps si vous marchez tous les jours je ne le recommande pas dans ce cas la le renfort du bout netant pas assez etendu la toile commence deja a se percerdommage elles sont vraiment confortables;3;0.4672013521194458;3;Neutre
CEDRIC;29/08/2024;tres confortable et legere je recommande;5;0.6413347125053406;5;Tres positif
Sophie;29/08/2024;tres confortable;5;0.4559965431690216;5;Tres positif
XAVIER;29/08/2024;correspond aux attentes pour le prix;4;0.5621294379234314;4;Positif
ALBANE;28/08/2024;tres bon produit satisfaite;5;0.6020622253417969;5;Tres positif
SYLVIE;30/08/2024;je suis decu par cet article jai un probleme de nevrome de morton et malheureusement avec ses chaussures il est impossible pour moi de faire des randonnees dans de bonnes conditions;5;0.5633460879325867;2;Negatif
brigitte;28/08/2024;confortable;5;0.5020272731781006;4;Positif
Celine;25/08/2024;pour moi un classique;5;0.5448994040489197;5;Tres positif
Carole;25/08/2024;bon amorti bon design bon rapport qualite prix couleur sympa seul bemol ne conviennent pas quand il fait humide;5;0.6894432306289673;4;Positif
MONIQUE;25/08/2024;basket agreable a porter couleur sympa;4;0.5582587718963623;4;Positif
Alexandre;25/08/2024;tres bon produit;5;0.6387131214141846;5;Tres positif
Martine;27/08/2024;la pointure ne correspond pas trop juste jai du prendre la taille superieure cela reste un bon produit a voir dans la duree;4;0.6577370762825012;3;Neutre
Christelle;25/08/2024;bon maintien souple et tres legere;4;0.5706242918968201;4;Positif
Beatrice;24/08/2024;bon produit agreable a porter;5;0.6149446368217468;4;Positif
SANDRINE;24/08/2024;jolie le confort ok legere mais semelles glissantes sur sol humide comme certains trottoirs paves et carrelagedonc je ne recommande pas;5;0.5880531668663025;2;Negatif
Orianne;24/08/2024;chaussures legeres souplesse et confortables pour la marche en ville principalement;5;0.5400466918945312;4;Positif
ANNABELLE;24/08/2024;chaussures adaptees au sport pratique marche;4;0.5242974758148193;4;Positif
Marie Jose;26/08/2024;rad;5;0.2888975143432617;5;Tres positif
Magalie;23/08/2024;niquel je les utilise pour le travail;5;0.8267534971237183;5;Tres positif
Stephane;21/08/2024;bon produit;5;0.5772925615310669;4;Positif
Fabienne;21/08/2024;chaussures confortables et legeres parfait pour de la rando sur terrain semi accidente en periode estivale et par temps sec;5;0.5135416388511658;4;Positif
Denis;20/08/2024;ras;4;0.2678478956222534;2;Negatif
Christelle;20/08/2024;tres bon produit;5;0.6387131214141846;5;Tres positif
Anne Marie;19/08/2024;tres agreable a porter comme des pantoufles;4;0.49606969952583313;5;Tres positif
LAURENT;19/08/2024;bon rapport qualite prix;4;0.5990828275680542;4;Positif
Sylvie;18/08/2024;tres satisfaite de mon achat;5;0.6442127823829651;5;Tres positif
FRANCK;18/08/2024;tres bien;5;0.49827447533607483;5;Tres positif
Solenne;18/08/2024;chaussures utilisees pour de la balade satisfaite de mon achat;5;0.575354814529419;4;Positif
SOPHIE;16/08/2024;tres legere poids et temperature lorsquil fait chaud;5;0.43886473774909973;3;Neutre
Jean-luc;16/08/2024;je recommande;4;0.5798991918563843;5;Tres positif
Brigitte;15/08/2024;bien correct;4;0.5544508099555969;4;Positif
Aleth Ang«˘le;15/08/2024;il est parfait je me sans super a laise et vous le conseil je suis a ma deuxieme paire;5;0.7376592755317688;5;Tres positif
STANISLAS;14/08/2024;on sy sent comme dans des chaussons;5;0.39297735691070557;5;Tres positif
Nina;14/08/2024;je les utilise pour du renfo et cardio en interieur elles sont confortables et tiennent bien;5;0.4748685359954834;5;Tres positif
Sandy;14/08/2024;tres bien pour le dpirt en salle de ma fille;5;0.4680646061897278;5;Tres positif
Olivier;13/08/2024;baskets au rapport qualite prix imbattable;5;0.6716586947441101;5;Tres positif
Corinne;12/08/2024;elles sont tres agreables a porter la semelle crantee accroche bien mais je naime pas trop le systeme dattaches en ruban qui remplace les oeillets perces directement dans la chaussure et jaurais aime que la languette monte un peu plus sur le pied quand je fais mes lacets ils se prennent dans la languette;4;0.6810678243637085;3;Neutre
Rodolphe;11/08/2024;bonne resistance aux differents terrains et activite;4;0.5618903040885925;4;Positif
jolene;10/08/2024;paire utilisee pour de la zumba et ca convient tres bien;4;0.5275238752365112;5;Tres positif
Carine;09/08/2024;les chaussures retrecissent au soleil mes orteils touchentle bout je ne peux plus les mettre apres quelques heures passees a marche au soleil;1;0.5502433180809021;1;Tres negatif
Mathilde;09/08/2024;tres bien;4;0.49827447533607483;5;Tres positif
Laurence;08/08/2024;basket legere et tres confortable;5;0.4361956715583801;4;Positif
SYLVIE;08/08/2024;tres bon produit;5;0.6387131214141846;5;Tres positif
PHILIPPE;08/08/2024;bon rapport qualite prix je recommande;4;0.5894160270690918;4;Positif
Sandra;07/08/2024;tres bon produit;5;0.6387131214141846;5;Tres positif
Catherine;07/08/2024;premiere paire de baskets achetee et tres satisfaite de mon achat;5;0.7280109524726868;5;Tres positif
Nathalie;07/08/2024;cest la eme fois que jachete ce modele antitranspirant leger tres bonne semelle je recommande;5;0.6639702916145325;5;Tres positif
Sabine;06/08/2024;tres satisfaite;5;0.6112083792686462;5;Tres positif
Nathalie;06/08/2024;super produit;5;0.8209314346313477;5;Tres positif
Natacha;06/08/2024;je debute en running sans vouloir prendre le re prix et sans besoin dinvestir dans des chaussures trop onereuses cette paire est un bon compromis on ressent bien lamorti au sol pas de douleurs ni aux pieds ni aux genoux;5;0.48428529500961304;4;Positif
Fabien;06/08/2024;qualite prix au top;4;0.78179931640625;5;Tres positif
Perrine;06/08/2024;legeres et pratiques;4;0.4802882969379425;4;Positif
RICHARD;04/08/2024;c la deuxieme paire que jachete car jen suis tres contente tres confortable;5;0.6822366118431091;5;Tres positif
ROBERT;03/08/2024;une chaussure qui convient parfaitement a ma forme de pied jen ai plusieurs que jutilise quotidiennement pour le sport comme pour le loisir;5;0.6290825009346008;5;Tres positif
Alice;03/08/2024;tres satisfaite de ces chaussures pour une pratique reguliere du running sur chemin tres bon rapport qualite prix;5;0.5449268221855164;5;Tres positif
Veronique;03/08/2024;bon produit;5;0.5772925615310669;4;Positif
KILLIAN;02/08/2024;top;5;0.7278915643692017;5;Tres positif
Aimie;01/08/2024;deja ma deuxieme paire achetee pas utilisee pour courir mais pour promener le chien plusieurs fois par jour de vrais chaussons mais j ai un petit doute concernant l amorti pour courir;5;0.4474281370639801;3;Neutre
Philippe;31/07/2024;bon produit pour debutant;5;0.5774385929107666;4;Positif
CARLOS;31/07/2024;legere et agreable pour une reprise;4;0.5104325413703918;4;Positif
Val«∏rie;30/07/2024;jaime son look et son confort;5;0.5538067817687988;4;Positif
Carine;01/08/2024;pas adapte a mon utilisation course a pied trail dessus;3;0.4966740310192108;2;Negatif
Michele;30/07/2024;des annees que jutilise tout les jours mes baskets km par jour toujours les memes;5;0.3210512399673462;5;Tres positif
Christine;29/07/2024;taille petit;5;0.36659571528434753;3;Neutre
Matthieu;31/07/2024;jutilise ces baskets pour de la marche active en ville environ kmmois et du fitness achetee en mai dernier la semelle est deja bien usee donc ce sont de bonnes chaussures mais pour des entrees de gamme a eur et destinees au trail je trouve que cest vraiment juste en terme de longevite;5;0.6203746795654297;3;Neutre
Dominique;28/07/2024;tres confortable;4;0.4559965431690216;5;Tres positif
Pierre;26/07/2024;super;5;0.667483389377594;5;Tres positif
C«∏line;25/07/2024;les chaussures sont agreables a porter et legeres;4;0.4867306351661682;4;Positif
Isabelle;25/07/2024;je prends ses baskets pour ma fille pour le sport quelle pratique au lycee et en dehors baskets qui tiennent dans le temps le bemol tarif qui a augmente par rapport a lan dernier de euros;5;0.4724668860435486;3;Neutre
Virginie;25/07/2024;ideale bon amorti;5;0.4790313243865967;4;Positif
C«∏line;24/07/2024;ras;4;0.2678478956222534;2;Negatif
AURELIE;24/07/2024;design bien mais pas assez rigide au niveau du talon cheville;3;0.6326826214790344;3;Neutre
patricia;23/07/2024;legere et confortable;4;0.463779091835022;4;Positif
Pascal;23/07/2024;parfait;5;0.7873300313949585;5;Tres positif
Jo«Æl;23/07/2024;bonne qualite;5;0.4955521821975708;4;Positif
Martine;23/07/2024;bonne accroche sur tout terrain me convient tres bien;5;0.5298601388931274;4;Positif
Lydia;25/07/2024;bien;5;0.4797615110874176;4;Positif
C«∏dric;25/07/2024;ma fille est enchantee;5;0.66701740026474;5;Tres positif
Roxane;22/07/2024;tres bien;5;0.49827447533607483;5;Tres positif
FRANCK;22/07/2024;tres bon rapport qualite prix tres bien pour des randonnees simples et occasionnelles;5;0.4881336987018585;4;Positif
Kathy;25/07/2024;paire achetee en fevrier et debut juin le tissu est deja troue a plusieurs endroits et les crampons ont quasiment disparu a acheter si vous ne faites pas de sport au final;2;0.5772234797477722;2;Negatif
farida;22/07/2024;semelle un peu glissante au sol;5;0.5499014258384705;3;Neutre
SEBASTIEN;22/07/2024;bonne chaussure;5;0.5264119505882263;4;Positif
Eric;21/07/2024;tres confortables;4;0.4965697228908539;5;Tres positif
Jean-luc;23/07/2024;basic;4;0.43044784665107727;2;Negatif
Rahimina;20/07/2024;bon produit;4;0.5772925615310669;4;Positif
Valerie;20/07/2024;teste que sur km sinon pratique de la marche gym tonic zumba;5;0.3894137740135193;4;Positif
SANDRINE;20/07/2024;super achat jen suis pleinement satisfaite je recommande fortement ces baskets;5;0.8903688192367554;5;Tres positif
Patricia;22/07/2024;tres satisfaite de mes baskets aimerai des couleurs fluo orange jaune;5;0.48225241899490356;4;Positif
Marine;19/07/2024;confortable pour les activites lete;5;0.5116075873374939;4;Positif
Elodie;19/07/2024;confortable resistante bon maintien;5;0.5615392327308655;4;Positif
Lydie;18/07/2024;excellent produit tres confortable;5;0.7835683822631836;5;Tres positif
Monique;17/07/2024;tres contente de mon achat;5;0.6828895211219788;5;Tres positif
Cindy;17/07/2024;bon article avec bon rapport qualite prix;4;0.6048945188522339;4;Positif
PHILIPPE;17/07/2024;confortable;4;0.5020272731781006;4;Positif
Virginie;17/07/2024;basique mais pratique pour commencer la course a pied;4;0.4691635072231293;4;Positif
Clarisse;18/07/2024;pas bien dedans;2;0.4924929141998291;2;Negatif
Vincent;15/07/2024;comme dans le titre chaussures pratiques pour de la marche occasionnelle;5;0.4344334602355957;4;Positif
C«?LINE;15/07/2024;tres bon basket tres confortable;5;0.5796790719032288;5;Tres positif
Audrey;14/07/2024;bon produit;5;0.5772925615310669;4;Positif
Laetitia;14/07/2024;probleme de pied j avais un doute sur le fait que c est chaussures me donne la possibilite de faire de la marche plus intense c est gagne pas de douleur pour le moment;5;0.42352333664894104;3;Neutre
Evelyne;14/07/2024;tres confortables bonne accroche sur chemins;5;0.49906715750694275;4;Positif
Nad«˘ge;14/07/2024;les baskets sont confortables et legeres elles sont faites pour des coureurs occasionnels car lamorti du talon se tasse avec le temps;5;0.46433308720588684;4;Positif
Oph«∏lie;14/07/2024;super pour la marche ou rando facile;5;0.5138830542564392;5;Tres positif
Carole;13/07/2024;bon produit;5;0.5772925615310669;4;Positif
JOSE;13/07/2024;ras;4;0.2678478956222534;2;Negatif
Aline;13/07/2024;ras;5;0.2678478956222534;2;Negatif
marie;12/07/2024;qualite satisfaisante;4;0.5541977882385254;4;Positif
Sara;12/07/2024;bonne basket mais pas resistant le risque au dessus sabime vite;5;0.6124507188796997;3;Neutre
PHILIPPE;13/07/2024;legere;5;0.4549402594566345;3;Neutre
CAROLE;12/07/2024;bon produit qui va durer longtemps ne lutilisant que heures par semeie;4;0.5601922869682312;4;Positif
Claude;12/07/2024;conforme aux attentes;5;0.5796093940734863;4;Positif
aude;12/07/2024;tres bon produit rapport qualite prix;4;0.5583712458610535;5;Tres positif
Xavier;11/07/2024;tres bien;5;0.49827447533607483;5;Tres positif
C«∏line;11/07/2024;tres bien pour porter tous les jours tres bien pour ballade ou petites randonnees pas assez techniques pour de la course a pieds mais pour le prix c est normal solides et ne se deforment pas facilement;4;0.5921803116798401;4;Positif
Benoit;11/07/2024;bien;4;0.4797615110874176;4;Positif
Maurice;11/07/2024;jai toujours une paire dommage que le modele femme ait toujours du rose jai pris une fois le modele bleu homme un peu plus large peutetre mais tout aussi bien;5;0.46185943484306335;4;Positif
Chantal;11/07/2024;confortables et legeres;5;0.44884994626045227;4;Positif
Annabelle;10/07/2024;contente;5;0.47883340716362;4;Positif
DIDIER;10/07/2024;tres bon produit;5;0.6387131214141846;5;Tres positif
laurence;09/07/2024;jolie couleur et belle harmonie des couleurs semelle souple agreable a porter bon amorti;5;0.6180368065834045;4;Positif
Karine;10/07/2024;bien pour le prix;3;0.4806014597415924;4;Positif
Arnaud;09/07/2024;jai achete cette paire de running pour ma fille lors de notre passage en magasin laffiche vantait lamorti de la chaussure apres son premier running ma fille a confirme que lamorti etait vraiment bon pour le moment elle en est tres satisfaite;5;0.6695524454116821;5;Tres positif
myriam;08/07/2024;achete pour ma reeducation tres satisfaite;4;0.6210191249847412;5;Tres positif
Delphine;08/07/2024;baskets achetees fin mars les chaussures sont deja trouees au niveau du gros orteil tres mauvaise conception;1;0.6575608253479004;1;Tres negatif
Thierry;08/07/2024;les chaussures de running femme kalenji run active grip gris corail sont top achete pour travail avec les enfants ma compagne les adore elle le porte toujours en salle pour accompagne les enfants merci decathlon;5;0.7401289939880371;5;Tres positif
Juliette;08/07/2024;bonne chaussure mais manque un peu damorti;4;0.5183554291725159;3;Neutre
