Auteur,Date,Commentaire,Note,prediction,score,prediction_numerique,prediction_class
JULIE,2024-12-11,agreables a porter et bon amorti,5,4 stars,0.598046600818634,4,positif
PIERRETTE,2024-12-11,bon produit,5,4 stars,0.5772925615310669,4,positif
VANESSA,2024-12-10,bon rapport qualite prix,5,4 stars,0.5990828275680542,4,positif
JEAN CHARLES,2024-12-10,tiens bien au pied,5,4 stars,0.4703868329524994,4,positif
BARBARA,2024-12-10,utilisee pour la salle de sport et sur tapis de course ces chaussures assurent un bon maintien,5,4 stars,0.4923379719257355,4,positif
VIRGINIE,2024-12-09,semelle dure materiaux passables pour la transpiration,3,3 stars,0.43989041447639465,3,neutre
NADINE,2024-12-10,achetees pour le travail debout h par jour parfait,5,5 stars,0.7998060584068298,5,très positif
Florence,2024-12-09,sa fait longtemps que je prend ce modele et j en suis tres contente,5,5 stars,0.7354879379272461,5,très positif
Margaux,2024-12-09,chaussures pas cher et qui fait le taf pour commencer la course a pied,5,5 stars,0.46997755765914917,5,très positif
Pascale,2024-12-08,non seulement de glisser sur sol mouille la semelle nadhere pas sur beaucoup de surfaces parisiennes,3,2 stars,0.5440360307693481,2,négatif
Odette,2024-12-08,tres beau design sa agripe bien sur les montees meme sur lherbe je recommande vivement,5,5 stars,0.8469156622886658,5,très positif
Ilef,2024-12-07,tres satisfaite,5,5 stars,0.6112083792686462,5,très positif
Emmanuelle,2024-12-07,semelle tres glissante sur sol humide type macadam bord trottoir,1,3 stars,0.37914201617240906,3,neutre
Sandrine,2024-12-07,super produit,5,5 stars,0.8209314346313477,5,très positif
Carine,2024-12-07,chaussures parfaites pour moi qui suis debutante rapport qualiteprix tres bien je recommande,5,5 stars,0.6357123851776123,5,très positif
Karine,2024-12-06,article tres confortable,5,4 stars,0.4774734079837799,4,positif
Nathalie,2024-12-06,chaussures tres confortable,5,4 stars,0.4510626196861267,4,positif
BORIS,2024-12-06,apres plusieurs minutes dutilisation une gene importante est apparue au niveau de louverture dune des baskets pourtant je navais rien ressenti au moment de lessayage avant achat je recommande le produit mais avec reserve,3,3 stars,0.5054219961166382,3,neutre
Corinne,2024-12-06,je ne les utilise pas pour le sport,5,2 stars,0.30038121342658997,2,négatif
maite,2024-12-06,le vendeur m as tres mal renseigne je voulais des chaussures pour une marche rapide qui ne glissent pas il mas conseille celle ci qui glissent enormement,1,3 stars,0.3344598412513733,3,neutre
oliver,2024-12-05,ras,5,2 stars,0.2678478956222534,2,négatif
Joëlle,2024-12-05,tres bon rapport qualite prix chaussure confortable et look sympa je conseille,5,5 stars,0.48121553659439087,5,très positif
Eric,2024-12-05,utilisees par ma fille celleci a souhaite racheter les memes lorsque la premiere paire a ete trop petite,5,3 stars,0.31293779611587524,3,neutre
Evelyne,2024-12-05,tres bon je suis satisfaite petit bemol les semelles glissent en temps de pluie a ne pas utiliser pour la course sous la pluie,5,4 stars,0.7120747566223145,4,positif
Patricia,2024-12-05,jaimerais dautres couleurs,5,4 stars,0.3214968144893646,4,positif
Florine,2024-12-04,top pour la marche,5,5 stars,0.537291944026947,5,très positif
Monique,2024-12-04,tres bon produit bon rapport qualite prix,5,5 stars,0.5428565144538879,5,très positif
Aurélie,2024-12-03,non rapport qualite prix je les utilise pour des footing de km et assez respirantes,5,3 stars,0.4824342429637909,3,neutre
annick,2024-12-03,bravo super vendeuse,5,5 stars,0.7457183599472046,5,très positif
JOCELYNE,2024-12-03,confortable,4,4 stars,0.5020272731781006,4,positif
Myriam,2024-12-02,je pensais avoir plus daccroche au sol,5,4 stars,0.31882229447364807,4,positif
Isabelle,2024-12-02,parfaites,5,5 stars,0.7782779932022095,5,très positif
BEATRICE,2024-12-01,bon produit,4,4 stars,0.5772925615310669,4,positif
Karine,2024-12-01,bon rapport qualite prix,5,4 stars,0.5990828275680542,4,positif
severine,2024-12-02,j achete toujours cette paire pour le travail ou je pietine beaucoup par contre elles ont beaucoup augmente par rapport a mon precedent achat,4,3 stars,0.4655517637729645,3,neutre
Ed,2024-11-30,cela fait plusieurs fois que je les achete car pas trop cher mais a chaque fois elles se trouent sur le dessus c est dommage,3,2 stars,0.4877285361289978,2,négatif
fabien,2024-11-30,jai repris exactement les memes chaussures que jai depuis plusieurs annees mais les lacets deviennent de plus en plus petit a chaque fois que jen achete des nouvelles on peut a peine les faire sinon tres confortable,3,3 stars,0.542255699634552,3,neutre
CHRISTINE,2024-11-30,bon produit,5,4 stars,0.5772925615310669,4,positif
Alain,2024-11-30,tres bon rapport qualite prix,5,5 stars,0.4984828531742096,5,très positif
georges,2024-11-30,entiere satisfaction,5,5 stars,0.8431760668754578,5,très positif
Johnny,2024-11-29,achat pour marche,5,4 stars,0.251376748085022,4,positif
Magali,2024-11-28,bonne tenue souple legere,5,4 stars,0.5893217921257019,4,positif
Virginie,2024-11-26,bien,5,4 stars,0.4797615110874176,4,positif
Roselyne,2024-11-26,tres joli mais jai eu les dessous de pieds brules et des ampoules en faisant mon sport mise une seule dommage un achat qui ne me sers a rien,2,2 stars,0.5465661287307739,2,négatif
COLETTE,2024-11-26,article correspondant a mes attentes,5,4 stars,0.5832118391990662,4,positif
CHRISTIANE,2024-11-25,je les adore elles sont jolies et tres confortable,5,5 stars,0.7800059914588928,5,très positif
VERONIQUE,2024-11-23,acheter pour reeducation apres fracture genou cheville,5,4 stars,0.30894753336906433,4,positif
CLAUDE,2024-11-23,correspond a mes attentes,5,4 stars,0.6014665961265564,4,positif
NICOLE,2024-11-22,baskets souples et confortables,5,4 stars,0.46738409996032715,4,positif
FABIENNE,2024-11-22,tres satisfaite pour le quotidien,4,5 stars,0.5392147898674011,5,très positif
GAEL,2024-11-22,repond au besoin,4,4 stars,0.458950936794281,4,positif
Véronique,2024-11-22,utilisation pour mon job les chaussures sont legeres et tres confortables pieds preserves,5,5 stars,0.4897838234901428,5,très positif
Astrid,2024-11-22,un peu trop raide,5,3 stars,0.6015585064888,3,neutre
Audrey,2024-11-21,tres jolies et bon grip,4,5 stars,0.5893373489379883,5,très positif
FLORENCE,2024-11-21,tres satisfaite de ces baskets,5,5 stars,0.6548253893852234,5,très positif
Stéphane,2024-11-20,bon produit,5,4 stars,0.5772925615310669,4,positif
Sylvie,2024-11-19,super confortable,5,5 stars,0.5954845547676086,5,très positif
MAGALIE,2024-11-19,super leger et agreable pour toutes occasions,5,5 stars,0.6213252544403076,5,très positif
ELIANE,2024-11-19,confortable et bon maintient,5,4 stars,0.5442189574241638,4,positif
NATHALIE,2024-11-18,tres bon produit et jolie design je recommande,5,5 stars,0.7119594812393188,5,très positif
ARNAUD,2024-11-18,bon rapport qualiteprix bonne stabilite et bon maintien,4,4 stars,0.596291720867157,4,positif
CELINE,2024-11-18,je men sert pour faire les cours collectifs et les randonnees exterieures jen suis tres contente,4,5 stars,0.6246976256370544,5,très positif
emmylou,2024-11-16,bon produit laccroche et le confort sont la les couleurs ne sont pas trop a notre gout mais cetait la seule paire qui correspondait a nos criteres et a notre budget,4,4 stars,0.5901240706443787,4,positif
Beatrice,2024-11-16,bon rapport qualite prix,4,4 stars,0.5990828275680542,4,positif
JEAN CLAUDE,2024-11-15,qualite prix correct,5,4 stars,0.5019300580024719,4,positif
STEVE,2024-11-14,ideales pour marche quotidienne meme pour les randonnees jusqua kms,5,5 stars,0.48581138253211975,5,très positif
Catherine,2024-11-14,bonne chaussure pour terrain plat je nai pas teste sur longue distance,5,4 stars,0.5717064738273621,4,positif
Nicolas,2024-11-13,bonnes chaussures pour commencer le running,5,4 stars,0.49471959471702576,4,positif
PIERRE,2024-11-12,correspond a mon besoin personnelle,5,4 stars,0.5238871574401855,4,positif
Wahiba,2024-11-12,je les utilise fois par semaine pour du step et parfaite bon maintien et bon amorti,5,5 stars,0.608428955078125,5,très positif
ANNICK,2024-11-12,elles me servent tous les jours super produit,5,5 stars,0.8028728365898132,5,très positif
Nicolas,2024-11-11,la semelle manque un peu daccroche sur certains sols lisses quand ils sont mouilles le maintien est satisfaisant et le confort correct,5,3 stars,0.5503464341163635,3,neutre
Martine,2024-11-11,javais les mm il y a ans que jai use ou presque je narrive pas a les jeter jai repris le mm modele xt pour le maintien les semelles interieur la legerete laccroche marche nature terre etc tres tres bon produit et jai fait enormement de sport dont des exped au loin,5,5 stars,0.7273930311203003,5,très positif
samia,2024-11-10,je rachete chaque fois la meme marque je recommande,4,5 stars,0.7731067538261414,5,très positif
Corinne,2024-11-10,jutilise ces chaussures pour la vie de tous les jours et jen suis tout a fait satisfaite je les ai depuis mois et elles sont toujours en parfait etat je les utilise aussi ponctuellement pour des balades aucun probleme,5,5 stars,0.7858141660690308,5,très positif
Catherine,2024-11-09,tres bonne chaussures,5,5 stars,0.5742920637130737,5,très positif
Sylvie,2024-11-09,chaussures tres confortables qui passent partout,5,5 stars,0.519328773021698,5,très positif
Stephanie,2024-11-08,parfait pour la course a pied fois par semaine,5,5 stars,0.5192704796791077,5,très positif
marion,2024-11-08,respirabilite et confort,5,5 stars,0.5699511766433716,5,très positif
JOLANTA,2024-11-07,produits teste sur une course a pied de km tres confortable aucun souci apres cette distance,5,5 stars,0.46860113739967346,5,très positif
Martial,2024-11-07,chaussures agreables a porter mais je trouve quelles ont tendance a suser un peu vite peutetre que je fais trop de kilometres avec,5,3 stars,0.6636198163032532,3,neutre
Marlene,2024-11-07,ras,4,2 stars,0.2678478956222534,2,négatif
Isabelle,2024-11-07,glissant sur sol mouille,4,2 stars,0.37942203879356384,2,négatif
Apolline,2024-11-07,je les porte plusieurs fois par semaine pour de la marche depuis plus dun an et franchement elles sont super confortable bon amorti super rapport qualiteprix en revanche elles ne sont pas impermeable mais pour le prix cest parfait,5,4 stars,0.5509349703788757,4,positif
Philippe,2024-11-06,utilise pour de la marche rapide et footing light bon confort bon maintien,5,4 stars,0.5588162541389465,4,positif
Isabelle,2024-11-06,bon rapport qualite prix conseil avec le sourire de la vendeuse,4,4 stars,0.5674152374267578,4,positif
PATRICIA,2024-11-06,decu du produit achete en juin et l arriere de la chaussure interieur ce dechire deja,2,2 stars,0.5570785403251648,2,négatif
Yohan,2024-11-05,look et tres souple,5,4 stars,0.46433594822883606,4,positif
JEAN LOUIS,2024-11-05,article conforme a mon attente,5,4 stars,0.5625917315483093,4,positif
Vincent,2024-11-04,parfait,4,5 stars,0.7873300313949585,5,très positif
Valerie,2024-11-03,tres bien,5,5 stars,0.49827447533607483,5,très positif
Lucile,2024-11-03,tres bon produit pour debuter le trail,5,5 stars,0.6166052222251892,5,très positif
MIREILLE,2024-11-02,chaussures achetees pour des seances de gym et pour de petites balades sur route ou chemin de terre,5,4 stars,0.3554129898548126,4,positif
CHRISTINE,2024-11-01,excellent produit tres plaisant a porter,5,5 stars,0.723841667175293,5,très positif
Brigitte,2024-10-31,bon produit adapte a une large gamme de sports,4,4 stars,0.599435567855835,4,positif
Laurent,2024-10-31,jai achete ces chaussures pour faire de la marche active en plaine je nose plus les utiliser par temps humide car elles sont trop glissantes et jai peur de tomber,2,2 stars,0.49210402369499207,2,négatif
tiphaine,2024-10-30,content de lachat,5,4 stars,0.459905743598938,4,positif
Mylene,2024-10-29,tres confortable,5,5 stars,0.4559965431690216,5,très positif
Claire,2024-10-28,utilise au parkour tres bonnes chaussures,5,5 stars,0.4829925000667572,5,très positif
Corinne,2024-10-28,malgre un lassage tres detendu j ai des fourmis qui apparaissent rapidement j espere que ca va s ameliorer,3,3 stars,0.4582480490207672,3,neutre
Chantal,2024-10-28,achat de la meme paire de chaussure cela me convient,5,5 stars,0.44564127922058105,5,très positif
Charlotte,2024-10-27,bien pour debuter,4,4 stars,0.47989776730537415,4,positif
Emma,2024-10-28,lacet trop court,2,2 stars,0.4815501868724823,2,négatif
Alexandra,2024-10-27,tres contente de mon achat,5,5 stars,0.6828895211219788,5,très positif
Céline,2024-10-27,bon rapport qualite prix utilisees en salle et en marche rapide legere bonne accroche,5,4 stars,0.5933064222335815,4,positif
Magali,2024-10-26,jai du prendre tailles au dessus sinon la couture appuyait sur mon hallux valgus et me faisait mal sans etre en activite lors de mon er footing leger douleur legere au mollet et ampoule au niveau du talon haut de la chaussure a voir avec le temps pour linstant pas convaincue,3,2 stars,0.5577351450920105,2,négatif
Sarah,2024-10-26,super rapport qualite prix je recommande jadore la couleur,5,5 stars,0.7852678894996643,5,très positif
Isabelle,2024-10-26,maintien bien le pied tres legere,5,4 stars,0.5500332713127136,4,positif
muriel,2024-10-25,essayer c est l adopte,5,5 stars,0.5098305940628052,5,très positif
Audrey,2024-10-25,ideale pour le running ou la marche confortables et legeres,5,5 stars,0.510388195514679,5,très positif
Nicolas,2024-10-25,bon maintien confortable,5,4 stars,0.6162204146385193,4,positif
veronique,2024-10-25,tres bien chaussures legeres,5,5 stars,0.4745352268218994,5,très positif
Edith,2024-10-24,ce produit est tres confortable jai pris une pointure audessus de la mienne je men sers pour la marche et pour de petits footing ce produit fait vraiment laffaire pour un coureur moyen qui veut faire quelques kilometres dans la semaine bon rapport qualite prix,5,4 stars,0.5233025550842285,4,positif
Mohamed Abderahmane,2024-10-24,excellent produit,5,5 stars,0.7725176215171814,5,très positif
MARIE HELENE,2024-10-24,japprecie sa couleur japprecie la forme pas allongee japprecie son accroche japprecie son prix pour du sport a intensite moderee,4,4 stars,0.46878084540367126,4,positif
Christophe,2024-10-23,ma fille lutilise pour le sport au college et elle est completement satisfaite,5,5 stars,0.7273330688476562,5,très positif
Isabelle,2024-10-23,jachete ce modele car le maintien est bien pour baskets de sport au lycee et tarif moindre par rapport aux autres modeles le tarif a toutefois augmente de euros en une seule fois cest quand meme excessif surtout que la paire de baskets na pas evolue dans la forme prendre une pointure au dessus de la sienne pour etre bien,5,3 stars,0.5464868545532227,3,neutre
adeline,2024-10-22,parfait pour les balades,5,5 stars,0.47692278027534485,5,très positif
Eric,2024-10-22,bonne chaussures avec un bon amorti pour debuter la course a pied,5,4 stars,0.6255069971084595,4,positif
Elodie,2024-10-22,notre filles est ravie de ces basket tres confortables,5,5 stars,0.571672797203064,5,très positif
Damien,2024-10-21,bonne basket confortable,5,4 stars,0.5852802991867065,4,positif
Christelle,2024-10-20,chaussures parfait pour faire de la course a pied agreable a porter maintient bien le pied et chaussures legeres je suis tres satisfaite de mon achat et je recommande,5,5 stars,0.6366528272628784,5,très positif
Anne marie,2024-10-20,elles sont tres confortables legeres et surtout courent vite apres mes petits fils je recommande,5,5 stars,0.6615341901779175,5,très positif
Jean-philippe,2024-10-20,tres bon maintien dans les chaussures bonne adaptation au pied large l amorti est suffisant pour une reprise de la course a pied en douceur,5,4 stars,0.5287066698074341,4,positif
Emy,2024-10-20,je men sers comme chaussures pour la marche sportive elles sont vraiment top lamorti est vraiment bien elles ne compriment pas les pieds et ont un look passe partout que demandez de mieux,5,5 stars,0.8045951128005981,5,très positif
PHILIPPE,2024-10-19,bien pour faire des petites sorties et des marches en campagne,4,4 stars,0.5128728747367859,4,positif
bruno,2024-10-19,confortable ma fille les adore,5,4 stars,0.504024863243103,4,positif
GREGORY,2024-10-19,tres bon produit agreable a porter bon amorti je recommande ce produit,5,5 stars,0.5848960876464844,5,très positif
karine,2024-10-18,nickel tient bien au pied et au sol,5,5 stars,0.6441510915756226,5,très positif
Carole,2024-10-18,javais deja eu ce modele dans une autre couleur je suis tres satisfaite de ce produit kalenji,5,5 stars,0.7309789657592773,5,très positif
Valerie,2024-10-17,legeres bon rapport qualite prix,5,4 stars,0.5752981901168823,4,positif
NATHALIE,2024-10-17,utilisees en salle parfait maintient,5,5 stars,0.6242111921310425,5,très positif
Patricia,2024-10-17,je suis satisfaite de mon achat et je recommande,5,4 stars,0.49895963072776794,4,positif
NATHALIE,2024-10-16,il me manque la petite boucle a larriere pour enfiler le talon cest dommage,5,3 stars,0.49961555004119873,3,neutre
Bland,2024-10-16,tres bon produit un maintient parfait chaussures legeres et bon accroche meme sur les chemins de campagne tres bon rapport qualite prix,5,5 stars,0.6147087216377258,5,très positif
florence,2024-10-16,bon rapport qualiteprix,4,4 stars,0.6002370715141296,4,positif
jean-guy,2024-10-15,ras,5,2 stars,0.2678478956222534,2,négatif
Catherine,2024-10-14,apres quelques utilisations un leger trou se forme deja au niveau du pouce je suis decue du peu de durabilite du produit je ne recommande pas,2,2 stars,0.6528633832931519,2,négatif
Christine,2024-10-14,bien pour le prix manque dadhesion sur le bout du pied voir avec le temps peut sameliorer chaussures encore neuves,4,3 stars,0.501102864742279,3,neutre
Valérie,2024-10-13,super pour le sport,5,5 stars,0.6104184985160828,5,très positif
Béatrice,2024-10-13,bonne basquette bon rapport qualite prix on est tres bien dedans,5,4 stars,0.5554115772247314,4,positif
Yanko,2024-10-13,ok,5,4 stars,0.449715793132782,4,positif
françoise,2024-10-12,super chaussures tres agreables a porter tres satisfaite de cet achat,5,5 stars,0.7425050139427185,5,très positif
Michael,2024-10-12,tres bon rapport qualite prix,5,5 stars,0.4984828531742096,5,très positif
Nathalie,2024-10-12,bon maintien du pied agreables a porter glissantes sur sol mouille,4,4 stars,0.6104040741920471,4,positif
Céline,2024-10-11,super basic pour mes a courses dans la semaine en tout cas pour debuter zero douleur compare a une paire achete pres de euros pour me retrouver avec des cloques sous la voute plantaire au bout de min de course,5,5 stars,0.2590542137622833,5,très positif
GENEVIEVE,2024-10-10,baskets confortable avec un bon amorti je travaille toute la journee avec et franchement tres bien,5,5 stars,0.5805805921554565,5,très positif
JOCELYNE,2024-10-10,chaussure tres sympa par le look agreable et confortable,5,4 stars,0.531385064125061,4,positif
Sophie,2024-10-10,tres confortable et legere,4,5 stars,0.48651719093322754,5,très positif
Dominique,2024-10-10,le seul reproche est la mauvaise qualite de la toile puisque celleci se perce au niveau des gros orteils malgre des soins de pedicure,1,3 stars,0.5148420929908752,3,neutre
monica,2024-10-09,bonne calite,5,4 stars,0.45997166633605957,4,positif
CHRISTIAN,2024-10-09,bon produit de bonne qualite,4,4 stars,0.5425974726676941,4,positif
Marine,2024-10-08,amorti bien les pb de genoux,5,4 stars,0.6100910305976868,4,positif
Mouhcine,2024-10-08,tres pratique,5,5 stars,0.48964443802833557,5,très positif
emilie,2024-10-08,bien,4,4 stars,0.4797615110874176,4,positif
VALERIE,2024-10-08,ravie de mon achat utilisation des chaussures sans aucun probleme je recommande,5,5 stars,0.7353726625442505,5,très positif
Thomas,2024-10-07,pour du sport en interieur elles sont tres confortables,5,5 stars,0.5108761191368103,5,très positif
Florent,2024-10-06,portees au quotidien pour les petites sorties,4,4 stars,0.40942779183387756,4,positif
SYLVIANE,2024-10-06,conforme produit satisfaisant,5,4 stars,0.5271338224411011,4,positif
GERALDINE,2024-10-06,tres confortable bon maintien,5,4 stars,0.5218984484672546,4,positif
Charline,2024-10-06,adaptees pour chemins en foret nature trail mais pas adaptees pour courir sur route,5,3 stars,0.45246484875679016,3,neutre
LYSIANE,2024-10-06,confortables et legeres,5,4 stars,0.44884994626045227,4,positif
Josephine,2024-10-05,tres agreable et tres confortable,5,5 stars,0.5283827185630798,5,très positif
claire,2024-10-05,parfait pour marcher tous les jours,5,5 stars,0.5713981986045837,5,très positif
Annie,2024-10-05,correspond au produit annonce je le recommande,5,4 stars,0.5649629831314087,4,positif
Regine,2024-10-04,ma troisieme paire,5,5 stars,0.33631402254104614,5,très positif
Lucile,2024-10-04,achat tout recent mais tout a fait satisfaite de ma premiere sortie,5,5 stars,0.5422888994216919,5,très positif
Didier,2024-10-04,excellent rapport qualiteprix tres jolie couleur,5,5 stars,0.6835453510284424,5,très positif
Eleonore,2024-10-04,chaussures utilisees pour courir sur sentier et un peu de route tres confortables et legeres a voir dans la duree,4,4 stars,0.6064785718917847,4,positif
sylvie,2024-10-04,jutilise pour de la marche rapide h environ fois par semaine semelle et amorti tres agreable je ne cours pas jen suis tres contente pour mon utilisation,4,5 stars,0.5099351406097412,5,très positif
Richard,2024-10-04,impeccable,5,5 stars,0.5994585156440735,5,très positif
Sabine,2024-10-04,parfait,5,5 stars,0.7873300313949585,5,très positif
Ghislaine,2024-10-03,tres confortable achat pour la marche de tous les jours en ville ou sur chemin porteuse dune prothese de jambe ce modele est leger et surtout na pas ou peu de talon cest super,5,4 stars,0.5005114674568176,4,positif
Déborah,2024-10-03,elles tiennent bien aux pieds et amortissent les chocs propos de ma fille utilisatrice de ans,5,4 stars,0.49753373861312866,4,positif
Philippe,2024-10-03,look sympa par contre au niveau de la pointure cest soit un peu petit ou un peu trop grand mais dans l ensemble cest correct vu le prix,3,3 stars,0.6897228360176086,3,neutre
Michelle,2024-10-03,tres bon produit,5,5 stars,0.6387131214141846,5,très positif
michel,2024-10-01,ras,5,2 stars,0.2678478956222534,2,négatif
CLAUDETTE,2024-10-01,super,5,5 stars,0.667483389377594,5,très positif
Richard,2024-09-30,tres bien jen suis tres contente,5,5 stars,0.6963441967964172,5,très positif
Lil,2024-09-30,tres bien,5,5 stars,0.49827447533607483,5,très positif
Annie,2024-09-30,un peu large pour moi,4,3 stars,0.5791404247283936,3,neutre
DOLORES,2024-09-30,tres bon produit souple respirantagreable a porter,5,5 stars,0.5909938216209412,5,très positif
YOHAN,2024-09-30,basket randonnee tres bien,5,4 stars,0.4651738405227661,4,positif
Geraldine,2024-09-30,achetees en jen reprends aujourdhui car elles sont usees je marche beaucoup avec jespere que la qualite du produit est la meme quil y a deux ans lavage en machine sechage rapide legeres confortable,5,4 stars,0.4499712586402893,4,positif
Nicolas,2024-09-29,les lacets tiennent tres bien pas besoin de les refaire tous les metres,5,5 stars,0.6264945864677429,5,très positif
CLAUDINE,2024-09-29,bon rapport qualite prix,3,4 stars,0.5990828275680542,4,positif
GAELLE,2024-09-29,tres bon produit,5,5 stars,0.6387131214141846,5,très positif
Les Touranselles,2024-09-29,baskets ideales pour les cours deps de bonne qualite et confortable selon la fille,5,4 stars,0.5465564727783203,4,positif
VERONIQUE,2024-09-29,je les utilise depuis mois uniquement pour marcher en ville je ne fais pas de sport avec or elles sont deja tres abimees le bout qui se decolle le dessin aui se decolle aussi je suis tres decue par cet article,2,2 stars,0.48707011342048645,2,négatif
Daniel,2024-09-29,tres bon produit,5,5 stars,0.6387131214141846,5,très positif
Stephanie,2024-09-28,tres confortables et efficaces mais je trouve que les crans susent un peu trop rapidement cela reste neanmoins dun tres bon rapport qualite prix,4,4 stars,0.48320940136909485,4,positif
Adeline,2024-09-28,tres bien,5,5 stars,0.49827447533607483,5,très positif
Veronique,2024-09-28,tres bien,5,5 stars,0.49827447533607483,5,très positif
Michel,2024-09-28,decu par la qualite et le prix,3,2 stars,0.5879305601119995,2,négatif
Aude,2024-09-30,bonjour amorti agreable a porter,5,4 stars,0.5263537168502808,4,positif
Mickael,2024-09-27,correct chaussure agreable,5,4 stars,0.5201234817504883,4,positif
FLORENCE,2024-09-27,satisfaite de ces baskets,5,4 stars,0.5679319500923157,4,positif
Linda,2024-09-26,parfait,5,5 stars,0.7873300313949585,5,très positif
Christian,2024-09-26,chaussures confortables legeres et elegantes adaptees aussi pour fitness en salle de sport a linterieur,5,5 stars,0.4935634732246399,5,très positif
Agnes,2024-09-26,confortable bon maintien,5,4 stars,0.6027945876121521,4,positif
Caroline,2024-09-25,tres bonnes chaussures ce nest pas ma premiere paire pour etre plus a laise jai pris une pointure de plus,5,4 stars,0.4756885766983032,4,positif
LEA,2024-09-25,deuxieme paire du type que jachete la precedente a tenu ans bon grip bonne tenue assez respirable amorti correct niquel pour marcher moins pour courir,5,4 stars,0.6006379127502441,4,positif
MARJORIE,2024-09-24,parfait pour le running et la marche,5,5 stars,0.5275682806968689,5,très positif
Elodie,2024-09-23,bonne adherence et bonne flexibilite,5,4 stars,0.4842298924922943,4,positif
irene,2024-09-22,nickel,5,5 stars,0.7126469016075134,5,très positif
Aurelia,2024-09-22,parfaite pour la course sur tapis tres jolie jaime beaucoup,5,5 stars,0.6008487343788147,5,très positif
Frédéric,2024-09-22,ras,5,2 stars,0.2678478956222534,2,négatif
Isabelle,2024-09-21,chaussures de ma fille pratique pour le sport mais aussi pour tout les jours,5,4 stars,0.5255535244941711,4,positif
Isabelle,2024-09-21,jachete depuis plusieurs annees ce modele pour faire de la marche aussi bien dans les bois que sur du plat ou du bitume souffrant dun probleme de voute plantaire jai peine a trouver un modele adapte ces chaussures sont parfaites pour moi,5,5 stars,0.4906388819217682,5,très positif
THIBAULT,2024-09-21,eme paire que j achete tres bon rapport qualite prix,5,5 stars,0.5907042622566223,5,très positif
Frederique,2024-09-21,bon maintien mais tige peu souple a voir avec le tps,5,3 stars,0.5400813817977905,3,neutre
Isabelle,2024-09-20,chaussure de sport confortable qui accroche bien au sol le look va avec bcp de tenues et elles sont tres confortables jaime bcp le maintien du pied,5,5 stars,0.496198445558548,5,très positif
EDITH,2024-09-20,confortables contente de mon achat,5,4 stars,0.5015140175819397,4,positif
Inès,2024-09-20,chaussures de sport femme,5,4 stars,0.32947656512260437,4,positif
Fatima,2024-09-18,tres bon produit,5,5 stars,0.6387131214141846,5,très positif
clement,2024-09-18,confortable,5,4 stars,0.5020272731781006,4,positif
melanie,2024-09-18,juste pris une taille au dessus,5,4 stars,0.3697458803653717,4,positif
Patricia,2024-09-17,agreable a porter,5,4 stars,0.5111257433891296,4,positif
Bruno,2024-09-16,tres bien pour une initiation au running,5,4 stars,0.5046959519386292,4,positif
Karine,2024-09-15,legere et bon amorti,5,4 stars,0.5465108156204224,4,positif
Muriel,2024-09-15,confortable pour la marche legere bon amorti,5,4 stars,0.6234835982322693,4,positif
Michel,2024-09-14,je connais ces chaussures et cest la eme paire que jachete elles me servent principalement pour marcher dans des terrains plutot caillouteux jen suis tres contente,4,5 stars,0.6027076840400696,5,très positif
RICHARD,2024-09-14,excellent rapport qualite prix tres bon produit,5,5 stars,0.7428500056266785,5,très positif
linda,2024-09-14,par temps de pluie elles glissent dommage a voir dans le temps pour la qualite car je marche enormement,5,3 stars,0.5830473303794861,3,neutre
Patricia,2024-09-14,tres confortable,5,5 stars,0.4559965431690216,5,très positif
dominique,2024-09-13,jutilise ces chaussures pour ma vie de tous les jours,4,5 stars,0.4769013524055481,5,très positif
Corinne,2024-09-13,cest la eme paires que jachete je les trouve tres bien et confortables,5,5 stars,0.6671808958053589,5,très positif
Sylvie,2024-09-13,basket de tres bonne qualite agreable a porte,5,5 stars,0.4853081703186035,5,très positif
Delphine,2024-09-13,tres confortables,5,5 stars,0.4965697228908539,5,très positif
GERALDINE,2024-09-13,chaussures tres confortable,5,4 stars,0.4510626196861267,4,positif
david,2024-09-11,tres bonne chaussure de running pour ma fille de ans,5,5 stars,0.520691990852356,5,très positif
Christelle,2024-09-11,bonjour ces chaussures nauront duree que semaines avant de laisser apparaitre un trou au niveau du gros orteil produit de mauvaise qualite,1,1 star,0.649554431438446,1,très négatif
Delphine,2024-09-09,pratique au quotidien semelle antiglisse appreciable,5,4 stars,0.5948544144630432,4,positif
JACKIE,2024-09-08,parfait pour courir avec mon chien,5,5 stars,0.5762966871261597,5,très positif
Ludivine,2024-09-10,ras,3,2 stars,0.2678478956222534,2,négatif
Christelle,2024-09-08,tres agreable,5,4 stars,0.4563462436199188,4,positif
Camille,2024-09-08,pas tres cher mais pas adapte pour du running douleurs au talon peu damorti,2,2 stars,0.44633474946022034,2,négatif
Sandrine,2024-09-08,confortables et look sympa,5,4 stars,0.5305368900299072,4,positif
MANUEL,2024-09-08,super,5,5 stars,0.667483389377594,5,très positif
Françoise,2024-09-07,produit au top pour la marche,5,5 stars,0.7458357214927673,5,très positif
REGINE,2024-09-06,tres confortable pour tous les jours,5,5 stars,0.4910050928592682,5,très positif
ISABELLE,2024-09-05,elles sont agreables a porter et legeres,4,4 stars,0.47121721506118774,4,positif
FRANCOISE,2024-09-05,chaussures tres legeres et confortables,5,4 stars,0.43422237038612366,4,positif
Amanda,2024-09-04,tres satisfaite et eme fois en ans que je les rachete,5,5 stars,0.744372546672821,5,très positif
Stéphanie,2024-09-04,achetees pour courir occasionnellement donc tres peu portees et commencent deja a se trouer au bout du pied,3,2 stars,0.5233888626098633,2,négatif
Cecile,2024-09-03,tres bon produit bon rapport qualite prix,5,5 stars,0.5428565144538879,5,très positif
MARYSE,2024-09-02,utilisees pour mentrainer en endurance et en vitesse sur tapis confortable bon amorti,4,4 stars,0.5455563068389893,4,positif
Marie-Laure,2024-09-01,semelle avec accroche ideal pour tout terrain,5,4 stars,0.46831926703453064,4,positif
Sandrine,2024-09-03,pour sport en exterieur,5,4 stars,0.3600929379463196,4,positif
Florent,2024-08-31,choisies par ma fille elle ne les quittent plus,5,5 stars,0.6738659143447876,5,très positif
CHANTAL,2024-08-30,bon rapport qualite prix,5,4 stars,0.5990828275680542,4,positif
Sylvie,2024-08-29,produit peu cher mais qui ne durera pas dans le temps si vous marchez tous les jours je ne le recommande pas dans ce cas la le renfort du bout netant pas assez etendu la toile commence deja a se percerdommage elles sont vraiment confortables,3,3 stars,0.4672013521194458,3,neutre
CEDRIC,2024-08-29,tres confortable et legere je recommande,5,5 stars,0.6413347125053406,5,très positif
Sophie,2024-08-29,tres confortable,5,5 stars,0.4559965431690216,5,très positif
XAVIER,2024-08-29,correspond aux attentes pour le prix,4,4 stars,0.5621294379234314,4,positif
ALBANE,2024-08-28,tres bon produit satisfaite,5,5 stars,0.6020622253417969,5,très positif
SYLVIE,2024-08-30,je suis decu par cet article jai un probleme de nevrome de morton et malheureusement avec ses chaussures il est impossible pour moi de faire des randonnees dans de bonnes conditions,5,2 stars,0.5633460879325867,2,négatif
brigitte,2024-08-28,confortable,5,4 stars,0.5020272731781006,4,positif
Celine,2024-08-25,pour moi un classique,5,5 stars,0.5448994040489197,5,très positif
Carole,2024-08-25,bon amorti bon design bon rapport qualite prix couleur sympa seul bemol ne conviennent pas quand il fait humide,5,4 stars,0.6894432306289673,4,positif
MONIQUE,2024-08-25,basket agreable a porter couleur sympa,4,4 stars,0.5582587718963623,4,positif
Alexandre,2024-08-25,tres bon produit,5,5 stars,0.6387131214141846,5,très positif
Martine,2024-08-27,la pointure ne correspond pas trop juste jai du prendre la taille superieure cela reste un bon produit a voir dans la duree,4,3 stars,0.6577370762825012,3,neutre
Christelle,2024-08-25,bon maintien souple et tres legere,4,4 stars,0.5706242918968201,4,positif
Beatrice,2024-08-24,bon produit agreable a porter,5,4 stars,0.6149446368217468,4,positif
SANDRINE,2024-08-24,jolie le confort ok legere mais semelles glissantes sur sol humide comme certains trottoirs paves et carrelagedonc je ne recommande pas,5,2 stars,0.5880531668663025,2,négatif
Orianne,2024-08-24,chaussures legeres souplesse et confortables pour la marche en ville principalement,5,4 stars,0.5400466918945312,4,positif
ANNABELLE,2024-08-24,chaussures adaptees au sport pratique marche,4,4 stars,0.5242974758148193,4,positif
Marie Jose,2024-08-26,rad,5,5 stars,0.2888975143432617,5,très positif
Magalie,2024-08-23,niquel je les utilise pour le travail,5,5 stars,0.8267534971237183,5,très positif
Stephane,2024-08-21,bon produit,5,4 stars,0.5772925615310669,4,positif
Fabienne,2024-08-21,chaussures confortables et legeres parfait pour de la rando sur terrain semi accidente en periode estivale et par temps sec,5,4 stars,0.5135416388511658,4,positif
Denis,2024-08-20,ras,4,2 stars,0.2678478956222534,2,négatif
Christelle,2024-08-20,tres bon produit,5,5 stars,0.6387131214141846,5,très positif
Anne Marie,2024-08-19,tres agreable a porter comme des pantoufles,4,5 stars,0.49606969952583313,5,très positif
LAURENT,2024-08-19,bon rapport qualite prix,4,4 stars,0.5990828275680542,4,positif
Sylvie,2024-08-18,tres satisfaite de mon achat,5,5 stars,0.6442127823829651,5,très positif
FRANCK,2024-08-18,tres bien,5,5 stars,0.49827447533607483,5,très positif
Solenne,2024-08-18,chaussures utilisees pour de la balade satisfaite de mon achat,5,4 stars,0.575354814529419,4,positif
SOPHIE,2024-08-16,tres legere poids et temperature lorsquil fait chaud,5,3 stars,0.43886473774909973,3,neutre
Jean-luc,2024-08-16,je recommande,4,5 stars,0.5798991918563843,5,très positif
Brigitte,2024-08-15,bien correct,4,4 stars,0.5544508099555969,4,positif
Aleth Angèle,2024-08-15,il est parfait je me sans super a laise et vous le conseil je suis a ma deuxieme paire,5,5 stars,0.7376592755317688,5,très positif
STANISLAS,2024-08-14,on sy sent comme dans des chaussons,5,5 stars,0.39297735691070557,5,très positif
Nina,2024-08-14,je les utilise pour du renfo et cardio en interieur elles sont confortables et tiennent bien,5,5 stars,0.4748685359954834,5,très positif
Sandy,2024-08-14,tres bien pour le dpirt en salle de ma fille,5,5 stars,0.4680646061897278,5,très positif
Olivier,2024-08-13,baskets au rapport qualite prix imbattable,5,5 stars,0.6716586947441101,5,très positif
Corinne,2024-08-12,elles sont tres agreables a porter la semelle crantee accroche bien mais je naime pas trop le systeme dattaches en ruban qui remplace les oeillets perces directement dans la chaussure et jaurais aime que la languette monte un peu plus sur le pied quand je fais mes lacets ils se prennent dans la languette,4,3 stars,0.6810678243637085,3,neutre
Rodolphe,2024-08-11,bonne resistance aux differents terrains et activite,4,4 stars,0.5618903040885925,4,positif
jolene,2024-08-10,paire utilisee pour de la zumba et ca convient tres bien,4,5 stars,0.5275238752365112,5,très positif
Carine,2024-08-09,les chaussures retrecissent au soleil mes orteils touchentle bout je ne peux plus les mettre apres quelques heures passees a marche au soleil,1,1 star,0.5502433180809021,1,très négatif
Mathilde,2024-08-09,tres bien,4,5 stars,0.49827447533607483,5,très positif
Laurence,2024-08-08,basket legere et tres confortable,5,4 stars,0.4361956715583801,4,positif
SYLVIE,2024-08-08,tres bon produit,5,5 stars,0.6387131214141846,5,très positif
PHILIPPE,2024-08-08,bon rapport qualite prix je recommande,4,4 stars,0.5894160270690918,4,positif
Sandra,2024-08-07,tres bon produit,5,5 stars,0.6387131214141846,5,très positif
Catherine,2024-08-07,premiere paire de baskets achetee et tres satisfaite de mon achat,5,5 stars,0.7280109524726868,5,très positif
Nathalie,2024-08-07,cest la eme fois que jachete ce modele antitranspirant leger tres bonne semelle je recommande,5,5 stars,0.6639702916145325,5,très positif
Sabine,2024-08-06,tres satisfaite,5,5 stars,0.6112083792686462,5,très positif
Nathalie,2024-08-06,super produit,5,5 stars,0.8209314346313477,5,très positif
Natacha,2024-08-06,je debute en running sans vouloir prendre le re prix et sans besoin dinvestir dans des chaussures trop onereuses cette paire est un bon compromis on ressent bien lamorti au sol pas de douleurs ni aux pieds ni aux genoux,5,4 stars,0.48428529500961304,4,positif
Fabien,2024-08-06,qualite prix au top,4,5 stars,0.78179931640625,5,très positif
Perrine,2024-08-06,legeres et pratiques,4,4 stars,0.4802882969379425,4,positif
RICHARD,2024-08-04,c la deuxieme paire que jachete car jen suis tres contente tres confortable,5,5 stars,0.6822366118431091,5,très positif
ROBERT,2024-08-03,une chaussure qui convient parfaitement a ma forme de pied jen ai plusieurs que jutilise quotidiennement pour le sport comme pour le loisir,5,5 stars,0.6290825009346008,5,très positif
Alice,2024-08-03,tres satisfaite de ces chaussures pour une pratique reguliere du running sur chemin tres bon rapport qualite prix,5,5 stars,0.5449268221855164,5,très positif
Veronique,2024-08-03,bon produit,5,4 stars,0.5772925615310669,4,positif
KILLIAN,2024-08-02,top,5,5 stars,0.7278915643692017,5,très positif
Aimie,2024-08-01,deja ma deuxieme paire achetee pas utilisee pour courir mais pour promener le chien plusieurs fois par jour de vrais chaussons mais j ai un petit doute concernant l amorti pour courir,5,3 stars,0.4474281370639801,3,neutre
Philippe,2024-07-31,bon produit pour debutant,5,4 stars,0.5774385929107666,4,positif
CARLOS,2024-07-31,legere et agreable pour une reprise,4,4 stars,0.5104325413703918,4,positif
Valérie,2024-07-30,jaime son look et son confort,5,4 stars,0.5538067817687988,4,positif
Carine,2024-08-01,pas adapte a mon utilisation course a pied trail dessus,3,2 stars,0.4966740310192108,2,négatif
Michele,2024-07-30,des annees que jutilise tout les jours mes baskets km par jour toujours les memes,5,5 stars,0.3210512399673462,5,très positif
Christine,2024-07-29,taille petit,5,3 stars,0.36659571528434753,3,neutre
Matthieu,2024-07-31,jutilise ces baskets pour de la marche active en ville environ kmmois et du fitness achetee en mai dernier la semelle est deja bien usee donc ce sont de bonnes chaussures mais pour des entrees de gamme a eur et destinees au trail je trouve que cest vraiment juste en terme de longevite,5,3 stars,0.6203746795654297,3,neutre
Dominique,2024-07-28,tres confortable,4,5 stars,0.4559965431690216,5,très positif
Pierre,2024-07-26,super,5,5 stars,0.667483389377594,5,très positif
Céline,2024-07-25,les chaussures sont agreables a porter et legeres,4,4 stars,0.4867306351661682,4,positif
Isabelle,2024-07-25,je prends ses baskets pour ma fille pour le sport quelle pratique au lycee et en dehors baskets qui tiennent dans le temps le bemol tarif qui a augmente par rapport a lan dernier de euros,5,3 stars,0.4724668860435486,3,neutre
Virginie,2024-07-25,ideale bon amorti,5,4 stars,0.4790313243865967,4,positif
Céline,2024-07-24,ras,4,2 stars,0.2678478956222534,2,négatif
AURELIE,2024-07-24,design bien mais pas assez rigide au niveau du talon cheville,3,3 stars,0.6326826214790344,3,neutre
patricia,2024-07-23,legere et confortable,4,4 stars,0.463779091835022,4,positif
Pascal,2024-07-23,parfait,5,5 stars,0.7873300313949585,5,très positif
Joël,2024-07-23,bonne qualite,5,4 stars,0.4955521821975708,4,positif
Martine,2024-07-23,bonne accroche sur tout terrain me convient tres bien,5,4 stars,0.5298601388931274,4,positif
Lydia,2024-07-25,bien,5,4 stars,0.4797615110874176,4,positif
Cédric,2024-07-25,ma fille est enchantee,5,5 stars,0.66701740026474,5,très positif
Roxane,2024-07-22,tres bien,5,5 stars,0.49827447533607483,5,très positif
FRANCK,2024-07-22,tres bon rapport qualite prix tres bien pour des randonnees simples et occasionnelles,5,4 stars,0.4881336987018585,4,positif
Kathy,2024-07-25,paire achetee en fevrier et debut juin le tissu est deja troue a plusieurs endroits et les crampons ont quasiment disparu a acheter si vous ne faites pas de sport au final,2,2 stars,0.5772234797477722,2,négatif
farida,2024-07-22,semelle un peu glissante au sol,5,3 stars,0.5499014258384705,3,neutre
SEBASTIEN,2024-07-22,bonne chaussure,5,4 stars,0.5264119505882263,4,positif
Eric,2024-07-21,tres confortables,4,5 stars,0.4965697228908539,5,très positif
Jean-luc,2024-07-23,basic,4,2 stars,0.43044784665107727,2,négatif
Rahimina,2024-07-20,bon produit,4,4 stars,0.5772925615310669,4,positif
Valerie,2024-07-20,teste que sur km sinon pratique de la marche gym tonic zumba,5,4 stars,0.3894137740135193,4,positif
SANDRINE,2024-07-20,super achat jen suis pleinement satisfaite je recommande fortement ces baskets,5,5 stars,0.8903688192367554,5,très positif
Patricia,2024-07-22,tres satisfaite de mes baskets aimerai des couleurs fluo orange jaune,5,4 stars,0.48225241899490356,4,positif
Marine,2024-07-19,confortable pour les activites lete,5,4 stars,0.5116075873374939,4,positif
Elodie,2024-07-19,confortable resistante bon maintien,5,4 stars,0.5615392327308655,4,positif
Lydie,2024-07-18,excellent produit tres confortable,5,5 stars,0.7835683822631836,5,très positif
Monique,2024-07-17,tres contente de mon achat,5,5 stars,0.6828895211219788,5,très positif
Cindy,2024-07-17,bon article avec bon rapport qualite prix,4,4 stars,0.6048945188522339,4,positif
PHILIPPE,2024-07-17,confortable,4,4 stars,0.5020272731781006,4,positif
Virginie,2024-07-17,basique mais pratique pour commencer la course a pied,4,4 stars,0.4691635072231293,4,positif
Clarisse,2024-07-18,pas bien dedans,2,2 stars,0.4924929141998291,2,négatif
Vincent,2024-07-15,comme dans le titre chaussures pratiques pour de la marche occasionnelle,5,4 stars,0.4344334602355957,4,positif
CÉLINE,2024-07-15,tres bon basket tres confortable,5,5 stars,0.5796790719032288,5,très positif
Audrey,2024-07-14,bon produit,5,4 stars,0.5772925615310669,4,positif
Laetitia,2024-07-14,probleme de pied j avais un doute sur le fait que c est chaussures me donne la possibilite de faire de la marche plus intense c est gagne pas de douleur pour le moment,5,3 stars,0.42352333664894104,3,neutre
Evelyne,2024-07-14,tres confortables bonne accroche sur chemins,5,4 stars,0.49906715750694275,4,positif
Nadège,2024-07-14,les baskets sont confortables et legeres elles sont faites pour des coureurs occasionnels car lamorti du talon se tasse avec le temps,5,4 stars,0.46433308720588684,4,positif
Ophélie,2024-07-14,super pour la marche ou rando facile,5,5 stars,0.5138830542564392,5,très positif
Carole,2024-07-13,bon produit,5,4 stars,0.5772925615310669,4,positif
JOSE,2024-07-13,ras,4,2 stars,0.2678478956222534,2,négatif
Aline,2024-07-13,ras,5,2 stars,0.2678478956222534,2,négatif
marie,2024-07-12,qualite satisfaisante,4,4 stars,0.5541977882385254,4,positif
Sara,2024-07-12,bonne basket mais pas resistant le risque au dessus sabime vite,5,3 stars,0.6124507188796997,3,neutre
PHILIPPE,2024-07-13,legere,5,3 stars,0.4549402594566345,3,neutre
CAROLE,2024-07-12,bon produit qui va durer longtemps ne lutilisant que heures par semeie,4,4 stars,0.5601922869682312,4,positif
Claude,2024-07-12,conforme aux attentes,5,4 stars,0.5796093940734863,4,positif
aude,2024-07-12,tres bon produit rapport qualite prix,4,5 stars,0.5583712458610535,5,très positif
Xavier,2024-07-11,tres bien,5,5 stars,0.49827447533607483,5,très positif
Céline,2024-07-11,tres bien pour porter tous les jours tres bien pour ballade ou petites randonnees pas assez techniques pour de la course a pieds mais pour le prix c est normal solides et ne se deforment pas facilement,4,4 stars,0.5921803116798401,4,positif
Benoit,2024-07-11,bien,4,4 stars,0.4797615110874176,4,positif
Maurice,2024-07-11,jai toujours une paire dommage que le modele femme ait toujours du rose jai pris une fois le modele bleu homme un peu plus large peutetre mais tout aussi bien,5,4 stars,0.46185943484306335,4,positif
Chantal,2024-07-11,confortables et legeres,5,4 stars,0.44884994626045227,4,positif
Annabelle,2024-07-10,contente,5,4 stars,0.47883340716362,4,positif
DIDIER,2024-07-10,tres bon produit,5,5 stars,0.6387131214141846,5,très positif
laurence,2024-07-09,jolie couleur et belle harmonie des couleurs semelle souple agreable a porter bon amorti,5,4 stars,0.6180368065834045,4,positif
Karine,2024-07-10,bien pour le prix,3,4 stars,0.4806014597415924,4,positif
Arnaud,2024-07-09,jai achete cette paire de running pour ma fille lors de notre passage en magasin laffiche vantait lamorti de la chaussure apres son premier running ma fille a confirme que lamorti etait vraiment bon pour le moment elle en est tres satisfaite,5,5 stars,0.6695524454116821,5,très positif
myriam,2024-07-08,achete pour ma reeducation tres satisfaite,4,5 stars,0.6210191249847412,5,très positif
Delphine,2024-07-08,baskets achetees fin mars les chaussures sont deja trouees au niveau du gros orteil tres mauvaise conception,1,1 star,0.6575608253479004,1,très négatif
Thierry,2024-07-08,les chaussures de running femme kalenji run active grip gris corail sont top achete pour travail avec les enfants ma compagne les adore elle le porte toujours en salle pour accompagne les enfants merci decathlon,5,5 stars,0.7401289939880371,5,très positif
Juliette,2024-07-08,bonne chaussure mais manque un peu damorti,4,3 stars,0.5183554291725159,3,neutre
